constituency_name,region_name,country_name,constituency_type,2017_con,2017_lab,2017_ld,2017_ukip,2017_green,2017_snp,2017_pc,2017_dup,2017_sf,2017_sdlp,2017_uup,2017_alliance,2017_other,2019_con,2019_lab,2019_ld,2019_brexit,2019_green,2019_snp,2019_pc,2019_dup,2019_sf,2019_sdlp,2019_uup,2019_alliance,2019_other
Aberavon,Wales,Wales,County,0.177,0.681,0.018,0.04,0,0,0.083,0,0,0,0,0,0,0.206,0.538,0.034,0.098,0.014,0,0.086,0,0,0,0,0,0.023
Aberconwy,Wales,Wales,County,0.446,0.426,0.029,0,0,0,0.099,0,0,0,0,0,0,0.461,0.397,0.057,0,0,0,0.085,0,0,0,0,0,0
Aberdeen North,Scotland,Scotland,Borough,0.227,0.3,0.046,0,0,0.413,0,0,0,0,0,0,0.014,0.201,0.132,0.076,0.027,0.024,0.54,0,0,0,0,0,0,0
Aberdeen South,Scotland,Scotland,Borough,0.421,0.205,0.059,0,0,0.315,0,0,0,0,0,0,0,0.359,0.084,0.11,0,0,0.447,0,0,0,0,0,0,0
Airdrie and Shotts,Scotland,Scotland,County,0.232,0.371,0.021,0,0,0.376,0,0,0,0,0,0,0,0.176,0.32,0.036,0,0.017,0.451,0,0,0,0,0,0,0
Aldershot,South East,England,Borough,0.551,0.316,0.074,0.037,0.022,0,0,0,0,0,0,0,0,0.584,0.235,0.144,0,0.037,0,0,0,0,0,0,0,0
Aldridge-Brownhills,West Midlands,England,Borough,0.654,0.298,0.033,0,0,0,0,0,0,0,0,0,0.014,0.708,0.204,0.06,0,0.02,0,0,0,0,0,0,0,0.009
Altrincham and Sale West,North West,England,Borough,0.51,0.388,0.077,0,0.019,0,0,0,0,0,0,0,0.006,0.48,0.368,0.11,0,0.029,0,0,0,0,0,0,0,0.012
Alyn and Deeside,Wales,Wales,County,0.404,0.521,0.024,0.025,0,0,0.026,0,0,0,0,0,0,0.42,0.425,0.059,0.062,0,0,0.034,0,0,0,0,0,0
Amber Valley,East Midlands,England,County,0.565,0.384,0.024,0,0.014,0,0,0,0,0,0,0,0.012,0.639,0.268,0.063,0,0.03,0,0,0,0,0,0,0,0
Angus,Scotland,Scotland,County,0.452,0.13,0.033,0,0,0.386,0,0,0,0,0,0,0,0.404,0.048,0.057,0,0,0.491,0,0,0,0,0,0,0
Arfon,Wales,Wales,County,0.164,0.405,0.023,0,0,0,0.408,0,0,0,0,0,0,0.152,0.356,0,0.04,0,0,0.452,0,0,0,0,0,0
Argyll and Bute,Scotland,Scotland,County,0.332,0.126,0.182,0,0,0.36,0,0,0,0,0,0,0,0.352,0.068,0.142,0,0,0.438,0,0,0,0,0,0,0
Arundel and South Downs,South East,England,County,0.624,0.227,0.079,0.028,0.042,0,0,0,0,0,0,0,0,0.579,0.158,0.212,0,0.041,0,0,0,0,0,0,0,0.009
Ashfield,East Midlands,England,County,0.417,0.426,0.019,0.038,0.008,0,0,0,0,0,0,0,0.092,0.393,0.244,0.023,0.051,0.014,0,0,0,0,0,0,0,0.276
Ashford,South East,England,County,0.59,0.298,0.052,0.037,0.023,0,0,0,0,0,0,0,0,0.621,0.22,0.101,0,0.044,0,0,0,0,0,0,0,0.014
Ashton-Under-Lyne,North West,England,Borough,0.32,0.604,0.016,0.047,0.013,0,0,0,0,0,0,0,0,0.37,0.481,0.036,0.082,0.031,0,0,0,0,0,0,0,0
Aylesbury,South East,England,County,0.55,0.3,0.096,0.022,0.021,0,0,0,0,0,0,0,0.011,0.54,0.254,0.166,0,0.04,0,0,0,0,0,0,0,0
Ayr_ Carrick and Cumnock,Scotland,Scotland,County,0.401,0.239,0.019,0,0,0.341,0,0,0,0,0,0,0,0.385,0.133,0.046,0,0,0.435,0,0,0,0,0,0,0
Banbury,South East,England,County,0.542,0.341,0.056,0.026,0.02,0,0,0,0,0,0,0,0.015,0.543,0.276,0.14,0,0.041,0,0,0,0,0,0,0,0
Banff and Buchan,Scotland,Scotland,County,0.48,0.095,0.035,0,0,0.391,0,0,0,0,0,0,0,0.501,0.041,0.054,0,0,0.404,0,0,0,0,0,0,0
Barking,London,England,Borough,0.225,0.678,0.013,0.064,0.015,0,0,0,0,0,0,0,0.006,0.265,0.612,0.033,0.072,0.018,0,0,0,0,0,0,0,0
Barnsley Central,Yorkshire and The Humber,England,Borough,0.241,0.639,0.014,0.085,0.015,0,0,0,0,0,0,0,0.005,0.214,0.401,0.032,0.304,0.024,0,0,0,0,0,0,0,0.024
Barnsley East,Yorkshire and The Humber,England,County,0.27,0.595,0.018,0.08,0,0,0,0,0,0,0,0,0.037,0.273,0.376,0.035,0.292,0.024,0,0,0,0,0,0,0,0
Barrow and Furness,North West,England,County,0.47,0.475,0.027,0.02,0.008,0,0,0,0,0,0,0,0,0.519,0.393,0.044,0.029,0.015,0,0,0,0,0,0,0,0
Basildon and Billericay,East,England,Borough,0.61,0.311,0.034,0.045,0,0,0,0,0,0,0,0,0,0.671,0.208,0.085,0,0.032,0,0,0,0,0,0,0,0.005
Basingstoke,South East,England,Borough,0.527,0.358,0.061,0.03,0.02,0,0,0,0,0,0,0,0.004,0.541,0.281,0.125,0,0.039,0,0,0,0,0,0,0,0.014
Bassetlaw,East Midlands,England,County,0.433,0.526,0.022,0,0,0,0,0,0,0,0,0,0.019,0.552,0.277,0.066,0.106,0,0,0,0,0,0,0,0,0
Bath,South West,England,Borough,0.358,0.147,0.473,0,0.023,0,0,0,0,0,0,0,0,0.309,0.127,0.545,0.012,0,0,0,0,0,0,0,0,0.007
Batley and Spen,Yorkshire and The Humber,England,Borough,0.388,0.555,0.023,0,0.013,0,0,0,0,0,0,0,0.021,0.36,0.427,0.047,0.032,0.013,0,0,0,0,0,0,0,0.122
Battersea,London,England,Borough,0.415,0.459,0.08,0.006,0.016,0,0,0,0,0,0,0,0.023,0.361,0.455,0.153,0.006,0.025,0,0,0,0,0,0,0,0
Beaconsfield,South East,England,County,0.653,0.214,0.079,0.029,0.025,0,0,0,0,0,0,0,0,0.561,0.099,0,0,0.035,0,0,0,0,0,0,0,0.304
Beckenham,London,England,Borough,0.593,0.301,0.079,0,0.027,0,0,0,0,0,0,0,0,0.54,0.258,0.162,0,0.041,0,0,0,0,0,0,0,0
Bedford,East,England,Borough,0.452,0.468,0.059,0,0.021,0,0,0,0,0,0,0,0,0.43,0.433,0.097,0.019,0.02,0,0,0,0,0,0,0,0
Belfast East,Northern Ireland,Northern Ireland,Borough,0.01,0,0,0,0.013,0,0,0.558,0.021,0.004,0.033,0.36,0.001,0,0,0,0,0,0,0,0.492,0,0,0.059,0.449,0
Belfast North,Northern Ireland,Northern Ireland,Borough,0,0,0,0,0.014,0,0,0.462,0.417,0.045,0,0.054,0.008,0,0,0,0,0,0,0,0.431,0.471,0,0,0.098,0
Belfast South,Northern Ireland,Northern Ireland,Borough,0.006,0,0,0,0.051,0,0,0.304,0.163,0.259,0.035,0.182,0,0,0,0,0,0,0,0,0.247,0,0.572,0.027,0.143,0.012
Belfast West,Northern Ireland,Northern Ireland,Borough,0,0,0,0,0,0,0,0.134,0.667,0.07,0,0.018,0.11,0,0,0,0,0,0,0,0.135,0.538,0.077,0,0.049,0.202
Bermondsey and Old Southwark,London,England,Borough,0.13,0.532,0.311,0.014,0.011,0,0,0,0,0,0,0,0.002,0.165,0.541,0.266,0.028,0,0,0,0,0,0,0,0,0
Berwickshire_ Roxburgh and Selkirk,Scotland,Scotland,County,0.539,0.086,0.047,0,0,0.328,0,0,0,0,0,0,0,0.484,0.047,0.081,0,0,0.388,0,0,0,0,0,0,0
Berwick-Upon-Tweed,North East,England,County,0.525,0.246,0.211,0,0.019,0,0,0,0,0,0,0,0,0.569,0.216,0.182,0,0.033,0,0,0,0,0,0,0,0
Bethnal Green and Bow,London,England,Borough,0.127,0.718,0.05,0.015,0.025,0,0,0,0,0,0,0,0.065,0.108,0.727,0.097,0.018,0.042,0,0,0,0,0,0,0,0.007
Beverley and Holderness,Yorkshire and The Humber,England,County,0.584,0.332,0.05,0,0.013,0,0,0,0,0,0,0,0.021,0.621,0.239,0.087,0,0.026,0,0,0,0,0,0,0,0.027
Bexhill and Battle,South East,England,County,0.62,0.247,0.075,0.034,0.024,0,0,0,0,0,0,0,0,0.636,0.195,0.123,0,0.046,0,0,0,0,0,0,0,0
Bexleyheath and Crayford,London,England,Borough,0.556,0.355,0.027,0.043,0.013,0,0,0,0,0,0,0,0.006,0.598,0.295,0.065,0,0.03,0,0,0,0,0,0,0,0.012
Birkenhead,North West,England,Borough,0.184,0.769,0.026,0,0.022,0,0,0,0,0,0,0,0,0.131,0.59,0.038,0.035,0.033,0,0,0,0,0,0,0,0.172
Birmingham_ Edgbaston,West Midlands,England,Borough,0.395,0.553,0.036,0,0.013,0,0,0,0,0,0,0,0.004,0.369,0.501,0.079,0.025,0.026,0,0,0,0,0,0,0,0
Birmingham_ Erdington,West Midlands,England,Borough,0.384,0.58,0.02,0,0.016,0,0,0,0,0,0,0,0,0.401,0.503,0.037,0.041,0.018,0,0,0,0,0,0,0,0
Birmingham_ Hall Green,West Midlands,England,Borough,0.151,0.776,0.058,0,0.015,0,0,0,0,0,0,0,0,0.139,0.678,0.069,0.017,0.015,0,0,0,0,0,0,0,0.081
Birmingham_ Hodge Hill,West Midlands,England,Borough,0.142,0.811,0.017,0.022,0.008,0,0,0,0,0,0,0,0,0.15,0.787,0.017,0.034,0.007,0,0,0,0,0,0,0,0.006
Birmingham_ Ladywood,West Midlands,England,Borough,0.132,0.827,0.028,0,0.013,0,0,0,0,0,0,0,0,0.113,0.792,0.053,0.02,0.022,0,0,0,0,0,0,0,0
Birmingham_ Northfield,West Midlands,England,Borough,0.427,0.532,0.022,0,0.019,0,0,0,0,0,0,0,0,0.463,0.425,0.046,0.038,0.022,0,0,0,0,0,0,0,0.006
Birmingham_ Perry Barr,West Midlands,England,Borough,0.265,0.681,0.024,0,0.013,0,0,0,0,0,0,0,0.016,0.268,0.631,0.045,0.033,0.02,0,0,0,0,0,0,0,0.004
Birmingham_ Selly Oak,West Midlands,England,Borough,0.319,0.629,0.034,0,0.018,0,0,0,0,0,0,0,0,0.309,0.56,0.064,0.029,0.037,0,0,0,0,0,0,0,0
Birmingham_ Yardley,West Midlands,England,Borough,0.198,0.571,0.179,0.043,0.006,0,0,0,0,0,0,0,0.002,0.298,0.548,0.088,0.053,0.014,0,0,0,0,0,0,0,0
Bishop Auckland,North East,England,County,0.469,0.481,0.027,0,0,0,0,0,0,0,0,0,0.023,0.537,0.359,0.048,0.056,0,0,0,0,0,0,0,0,0
Blackburn,North West,England,Borough,0.269,0.698,0.015,0,0,0,0,0,0,0,0,0,0.018,0.24,0.649,0.025,0.062,0.017,0,0,0,0,0,0,0,0.007
Blackley and Broughton,North West,England,Borough,0.216,0.704,0.018,0.045,0.012,0,0,0,0,0,0,0,0.004,0.246,0.619,0.041,0.071,0.024,0,0,0,0,0,0,0,0
Blackpool North and Cleveleys,North West,England,Borough,0.494,0.445,0.018,0.034,0.009,0,0,0,0,0,0,0,0,0.576,0.355,0.039,0,0.019,0,0,0,0,0,0,0,0.011
Blackpool South,North West,England,Borough,0.431,0.503,0.018,0.038,0.01,0,0,0,0,0,0,0,0,0.496,0.383,0.031,0.061,0.017,0,0,0,0,0,0,0,0.011
Blaenau Gwent,Wales,Wales,County,0.148,0.58,0.009,0.03,0,0,0.212,0,0,0,0,0,0.021,0.19,0.492,0.043,0.206,0.013,0,0.057,0,0,0,0,0,0
Blaydon,North East,England,Borough,0.281,0.561,0.091,0.051,0.012,0,0,0,0,0,0,0,0.004,0.312,0.433,0.081,0.128,0.028,0,0,0,0,0,0,0,0.018
Blyth Valley,North East,England,Borough,0.373,0.559,0.046,0,0.022,0,0,0,0,0,0,0,0,0.427,0.409,0.053,0.083,0.028,0,0,0,0,0,0,0,0
Bognor Regis and Littlehampton,South East,England,County,0.59,0.249,0.065,0.036,0.019,0,0,0,0,0,0,0,0.041,0.635,0.196,0.11,0,0.036,0,0,0,0,0,0,0,0.024
Bolsover,East Midlands,England,County,0.406,0.519,0.029,0.046,0,0,0,0,0,0,0,0,0,0.474,0.359,0.038,0.09,0.017,0,0,0,0,0,0,0,0.021
Bolton North East,North West,England,Borough,0.422,0.506,0.029,0.035,0.008,0,0,0,0,0,0,0,0,0.454,0.445,0.042,0.043,0.016,0,0,0,0,0,0,0,0
Bolton South East,North West,England,Borough,0.297,0.607,0.018,0.066,0.013,0,0,0,0,0,0,0,0,0.343,0.53,0.035,0.073,0.019,0,0,0,0,0,0,0,0
Bolton West,North West,England,County,0.479,0.461,0.029,0.031,0,0,0,0,0,0,0,0,0,0.553,0.373,0.055,0,0.019,0,0,0,0,0,0,0,0
Bootle,North West,England,Borough,0.12,0.84,0.017,0,0.014,0,0,0,0,0,0,0,0.008,0.092,0.794,0.037,0.053,0.024,0,0,0,0,0,0,0,0
Boston and Skegness,East Midlands,England,County,0.636,0.25,0.018,0.077,0.013,0,0,0,0,0,0,0,0.007,0.767,0.152,0.047,0,0,0,0,0,0,0,0,0,0.034
Bosworth,East Midlands,England,County,0.567,0.241,0.173,0,0.019,0,0,0,0,0,0,0,0,0.639,0.173,0.161,0,0.027,0,0,0,0,0,0,0,0
Bournemouth East,South West,England,Borough,0.519,0.356,0.065,0.029,0.025,0,0,0,0,0,0,0,0.006,0.506,0.327,0.11,0,0.042,0,0,0,0,0,0,0,0.015
Bournemouth West,South West,England,Borough,0.535,0.362,0.066,0,0.028,0,0,0,0,0,0,0,0.009,0.534,0.313,0.107,0,0.046,0,0,0,0,0,0,0,0
Bracknell,South East,England,County,0.588,0.302,0.075,0.027,0,0,0,0,0,0,0,0,0.008,0.587,0.222,0.143,0,0.038,0,0,0,0,0,0,0,0.01
Bradford East,Yorkshire and The Humber,England,Borough,0.204,0.654,0.018,0.03,0.006,0,0,0,0,0,0,0,0.088,0.219,0.63,0.075,0.061,0.015,0,0,0,0,0,0,0,0
Bradford South,Yorkshire and The Humber,England,Borough,0.382,0.545,0.013,0.043,0.009,0,0,0,0,0,0,0,0.009,0.404,0.463,0.038,0.071,0.025,0,0,0,0,0,0,0,0
Bradford West,Yorkshire and The Humber,England,Borough,0.166,0.647,0.016,0.019,0.011,0,0,0,0,0,0,0,0.142,0.152,0.762,0.03,0.035,0.018,0,0,0,0,0,0,0,0.002
Braintree,East,England,County,0.628,0.276,0.043,0.035,0.018,0,0,0,0,0,0,0,0,0.675,0.187,0.095,0,0,0,0,0,0,0,0,0,0.043
Brecon and Radnorshire,Wales,Wales,County,0.486,0.177,0.291,0.014,0,0,0.031,0,0,0,0,0,0,0.531,0.095,0.359,0,0,0,0,0,0,0,0,0,0.014
Brent Central,London,England,Borough,0.195,0.731,0.048,0.011,0.015,0,0,0,0,0,0,0,0,0.222,0.647,0.099,0,0.033,0,0,0,0,0,0,0,0
Brentford and Isleworth,London,England,Borough,0.376,0.574,0.05,0,0,0,0,0,0,0,0,0,0,0.322,0.502,0.125,0.02,0.031,0,0,0,0,0,0,0,0
Brent North,London,England,Borough,0.327,0.629,0.029,0,0.012,0,0,0,0,0,0,0,0.004,0.363,0.519,0.078,0.018,0.016,0,0,0,0,0,0,0,0.005
Brentwood and Ongar,East,England,County,0.658,0.204,0.084,0.035,0.017,0,0,0,0,0,0,0,0.002,0.686,0.137,0.136,0,0.032,0,0,0,0,0,0,0,0.01
Bridgend,Wales,Wales,County,0.398,0.507,0.021,0.018,0,0,0.041,0,0,0,0,0,0.015,0.431,0.403,0.056,0.043,0.019,0,0.048,0,0,0,0,0,0
Bridgwater and West Somerset,South West,England,County,0.551,0.286,0.109,0.036,0.018,0,0,0,0,0,0,0,0,0.621,0.198,0.135,0,0.033,0,0,0,0,0,0,0,0.013
Brigg and Goole,Yorkshire and The Humber,England,County,0.604,0.33,0.019,0.035,0.012,0,0,0,0,0,0,0,0,0.713,0.207,0.05,0,0.03,0,0,0,0,0,0,0,0
Brighton_ Kemptown,South East,England,Borough,0.383,0.583,0.03,0,0,0,0,0,0,0,0,0,0.004,0.35,0.516,0.061,0.027,0.046,0,0,0,0,0,0,0,0
Brighton_ Pavilion,South East,England,Borough,0.192,0.268,0,0.011,0.523,0,0,0,0,0,0,0,0.007,0.175,0.228,0,0.013,0.572,0,0,0,0,0,0,0,0.012
Bristol East,South West,England,Borough,0.344,0.607,0.027,0,0.022,0,0,0,0,0,0,0,0,0.324,0.531,0.068,0.036,0.04,0,0,0,0,0,0,0,0
Bristol North West,South West,England,Borough,0.418,0.507,0.052,0,0.023,0,0,0,0,0,0,0,0,0.387,0.489,0.088,0,0.035,0,0,0,0,0,0,0,0
Bristol South,South West,England,Borough,0.307,0.601,0.033,0.031,0.026,0,0,0,0,0,0,0,0.002,0.327,0.505,0.077,0.042,0.049,0,0,0,0,0,0,0,0
Bristol West,South West,England,Borough,0.138,0.659,0.073,0,0.129,0,0,0,0,0,0,0,0.001,0.117,0.623,0,0.012,0.249,0,0,0,0,0,0,0,0
Broadland,East,England,County,0.579,0.296,0.079,0.028,0.017,0,0,0,0,0,0,0,0,0.596,0.212,0.161,0,0.025,0,0,0,0,0,0,0,0.006
Bromley and Chislehurst,London,England,Borough,0.54,0.334,0.072,0.03,0.025,0,0,0,0,0,0,0,0,0.526,0.287,0.145,0,0.034,0,0,0,0,0,0,0,0.008
Bromsgrove,West Midlands,England,County,0.62,0.313,0.046,0,0.021,0,0,0,0,0,0,0,0,0.634,0.208,0.125,0,0.033,0,0,0,0,0,0,0,0
Broxbourne,East,England,Borough,0.622,0.289,0.031,0.04,0.018,0,0,0,0,0,0,0,0,0.656,0.232,0.085,0,0.027,0,0,0,0,0,0,0,0
Broxtowe,East Midlands,England,County,0.468,0.453,0.04,0.027,0.012,0,0,0,0,0,0,0,0,0.481,0.385,0,0,0.033,0,0,0,0,0,0,0,0.101
Buckingham,South East,England,County,0,0,0,0.079,0.163,0,0,0,0,0,0,0,0.758,0.584,0.12,0.262,0.02,0,0,0,0,0,0,0,0,0.014
Burnley,North West,England,Borough,0.31,0.467,0.15,0.061,0.011,0,0,0,0,0,0,0,0,0.403,0.369,0.09,0.086,0.019,0,0,0,0,0,0,0,0.033
Burton,West Midlands,England,County,0.58,0.378,0.025,0,0.017,0,0,0,0,0,0,0,0,0.607,0.309,0.055,0,0.029,0,0,0,0,0,0,0,0
Bury North,North West,England,Borough,0.445,0.536,0.019,0,0,0,0,0,0,0,0,0,0,0.462,0.46,0.034,0.026,0.017,0,0,0,0,0,0,0,0
Bury South,North West,England,Borough,0.416,0.533,0.021,0.026,0,0,0,0,0,0,0,0,0.005,0.438,0.43,0.046,0.033,0.017,0,0,0,0,0,0,0,0.035
Bury St Edmunds,East,England,County,0.592,0.295,0.057,0,0.042,0,0,0,0,0,0,0,0.014,0.61,0.206,0,0,0.157,0,0,0,0,0,0,0,0.027
Caerphilly,Wales,Wales,County,0.252,0.545,0.018,0.03,0.011,0,0.144,0,0,0,0,0,0,0.279,0.449,0,0.112,0,0,0.16,0,0,0,0,0,0
Caithness_ Sutherland and Easter Ross,Scotland,Scotland,County,0.226,0.124,0.358,0,0,0.292,0,0,0,0,0,0,0,0.165,0.062,0.372,0.036,0,0.366,0,0,0,0,0,0,0
Calder Valley,Yorkshire and The Humber,England,County,0.461,0.451,0.034,0.025,0.011,0,0,0,0,0,0,0,0.018,0.519,0.419,0.05,0,0,0,0,0,0,0,0,0,0.012
Camberwell and Peckham,London,England,Borough,0.128,0.778,0.059,0,0.028,0,0,0,0,0,0,0,0.006,0.115,0.713,0.09,0.018,0.062,0,0,0,0,0,0,0,0.002
Camborne and Redruth,South West,England,County,0.475,0.442,0.061,0,0.022,0,0,0,0,0,0,0,0,0.531,0.359,0.07,0,0.027,0,0,0,0,0,0,0,0.013
Cambridge,East,England,Borough,0.163,0.519,0.293,0,0.023,0,0,0,0,0,0,0,0.002,0.155,0.48,0.3,0.019,0.04,0,0,0,0,0,0,0,0.005
Cannock Chase,West Midlands,England,County,0.55,0.374,0.017,0.042,0.017,0,0,0,0,0,0,0,0,0.683,0.254,0,0,0.063,0,0,0,0,0,0,0,0
Canterbury,South East,England,County,0.447,0.45,0.08,0,0.023,0,0,0,0,0,0,0,0,0.452,0.483,0.057,0,0,0,0,0,0,0,0,0,0.008
Cardiff Central,Wales,Wales,Borough,0.198,0.624,0.134,0.008,0.01,0,0.025,0,0,0,0,0,0,0.201,0.612,0.151,0.024,0,0,0,0,0,0,0,0,0.012
Cardiff North,Wales,Wales,Borough,0.421,0.501,0.033,0.011,0,0,0.033,0,0,0,0,0,0,0.362,0.495,0.068,0.025,0.016,0,0.03,0,0,0,0,0,0.004
Cardiff South and Penarth,Wales,Wales,Borough,0.302,0.595,0.028,0.019,0.01,0,0.043,0,0,0,0,0,0.003,0.29,0.541,0.059,0.04,0.023,0,0.047,0,0,0,0,0,0
Cardiff West,Wales,Wales,Borough,0.298,0.567,0.026,0.015,0,0,0.095,0,0,0,0,0,0,0.28,0.518,0.059,0.035,0.025,0,0.084,0,0,0,0,0,0
Carlisle,North West,England,County,0.499,0.438,0.029,0.034,0,0,0,0,0,0,0,0,0,0.552,0.358,0.066,0,0,0,0,0,0,0,0,0,0.024
Carmarthen East and Dinefwr,Wales,Wales,County,0.263,0.298,0.022,0.024,0,0,0.393,0,0,0,0,0,0,0.345,0.21,0,0.056,0,0,0.389,0,0,0,0,0,0
Carmarthen West and South Pembrokeshire,Wales,Wales,County,0.468,0.395,0.023,0.021,0,0,0.093,0,0,0,0,0,0,0.527,0.343,0.044,0,0,0,0.086,0,0,0,0,0,0
Carshalton and Wallington,London,England,Borough,0.383,0.184,0.41,0,0.01,0,0,0,0,0,0,0,0.012,0.424,0.124,0.411,0.021,0.015,0,0,0,0,0,0,0,0.004
Castle Point,East,England,Borough,0.673,0.251,0.023,0.053,0,0,0,0,0,0,0,0,0,0.767,0.166,0.067,0,0,0,0,0,0,0,0,0,0
Central Ayrshire,Scotland,Scotland,County,0.344,0.261,0.023,0,0,0.372,0,0,0,0,0,0,0,0.348,0.141,0.049,0,0,0.462,0,0,0,0,0,0,0
Central Devon,South West,England,County,0.541,0.27,0.117,0.023,0.026,0,0,0,0,0,0,0,0.023,0.553,0.248,0.151,0,0.049,0,0,0,0,0,0,0,0
Central Suffolk and North Ipswich,East,England,County,0.601,0.297,0.043,0.029,0.029,0,0,0,0,0,0,0,0,0.627,0.211,0.115,0,0.047,0,0,0,0,0,0,0,0
Ceredigion,Wales,Wales,County,0.184,0.202,0.29,0.015,0.014,0,0.292,0,0,0,0,0,0.004,0.221,0.158,0.174,0.051,0.017,0,0.379,0,0,0,0,0,0
Charnwood,East Midlands,England,County,0.604,0.308,0.037,0.027,0.019,0,0,0,0,0,0,0,0.006,0.634,0.23,0.088,0,0.048,0,0,0,0,0,0,0,0
Chatham and Aylesford,South East,England,County,0.57,0.337,0.025,0.05,0.013,0,0,0,0,0,0,0,0.006,0.666,0.238,0.066,0,0.025,0,0,0,0,0,0,0,0.005
Cheadle,North West,England,Borough,0.446,0.191,0.363,0,0,0,0,0,0,0,0,0,0,0.46,0.123,0.418,0,0,0,0,0,0,0,0,0,0
Chelmsford,East,England,Borough,0.537,0.298,0.122,0.029,0.014,0,0,0,0,0,0,0,0,0.559,0.18,0.251,0,0,0,0,0,0,0,0,0,0.01
Chelsea and Fulham,London,England,Borough,0.526,0.332,0.11,0.012,0.019,0,0,0,0,0,0,0,0,0.499,0.232,0.259,0,0,0,0,0,0,0,0,0,0.011
Cheltenham,South West,England,Borough,0.467,0.095,0.422,0,0.017,0,0,0,0,0,0,0,0,0.48,0.049,0.463,0,0,0,0,0,0,0,0,0,0.007
Chesham and Amersham,South East,England,County,0.607,0.206,0.13,0.028,0.03,0,0,0,0,0,0,0,0,0.554,0.129,0.263,0,0.055,0,0,0,0,0,0,0,0
Chesterfield,East Midlands,England,Borough,0.348,0.548,0.054,0.034,0.016,0,0,0,0,0,0,0,0,0.37,0.402,0.088,0.106,0.025,0,0,0,0,0,0,0,0.009
Chichester,South East,England,County,0.601,0.224,0.113,0.028,0.033,0,0,0,0,0,0,0,0.001,0.578,0.148,0.227,0,0.041,0,0,0,0,0,0,0,0.005
Chingford and Woodford Green,London,England,County,0.491,0.439,0.044,0,0.026,0,0,0,0,0,0,0,0,0.485,0.459,0.057,0,0,0,0,0,0,0,0,0,0
Chippenham,South West,England,County,0.547,0.197,0.256,0,0,0,0,0,0,0,0,0,0,0.543,0.112,0.345,0,0,0,0,0,0,0,0,0,0
Chipping Barnet,London,England,Borough,0.463,0.457,0.054,0,0.025,0,0,0,0,0,0,0,0,0.447,0.426,0.103,0,0.022,0,0,0,0,0,0,0,0.001
Chorley,North West,England,County,0.418,0.553,0.02,0,0.01,0,0,0,0,0,0,0,0,0,0,0,0,0.09,0,0,0,0,0,0,0,0.91
Christchurch,South West,England,County,0.696,0.199,0.079,0,0.026,0,0,0,0,0,0,0,0,0.652,0.126,0.179,0,0.043,0,0,0,0,0,0,0,0
Cities Of London and Westminster,London,England,Borough,0.466,0.384,0.11,0.011,0.021,0,0,0,0,0,0,0,0.007,0.399,0.272,0.307,0,0.017,0,0,0,0,0,0,0,0.005
City Of Chester,North West,England,County,0.405,0.568,0.027,0,0,0,0,0,0,0,0,0,0,0.383,0.496,0.068,0.025,0.026,0,0,0,0,0,0,0,0
City Of Durham,North East,England,County,0.298,0.554,0.099,0.023,0.016,0,0,0,0,0,0,0,0.009,0.317,0.42,0.162,0.067,0.033,0,0,0,0,0,0,0,0
Clacton,East,England,County,0.612,0.254,0.02,0.076,0.016,0,0,0,0,0,0,0,0.021,0.723,0.155,0.058,0,0.028,0,0,0,0,0,0,0,0.036
Cleethorpes,Yorkshire and The Humber,England,County,0.571,0.354,0.023,0.042,0.01,0,0,0,0,0,0,0,0,0.69,0.228,0.055,0,0.028,0,0,0,0,0,0,0,0
Clwyd South,Wales,Wales,County,0.391,0.507,0.02,0.021,0,0,0.061,0,0,0,0,0,0,0.447,0.413,0.041,0.04,0,0,0.059,0,0,0,0,0,0
Clwyd West,Wales,Wales,County,0.481,0.396,0.027,0,0,0,0.096,0,0,0,0,0,0,0.507,0.34,0.056,0,0,0,0.097,0,0,0,0,0,0
Coatbridge_ Chryston and Bellshill,Scotland,Scotland,Borough,0.162,0.426,0.02,0,0,0.391,0,0,0,0,0,0,0,0.127,0.354,0.032,0,0.017,0.47,0,0,0,0,0,0,0
Colchester,East,England,Borough,0.459,0.353,0.17,0,0.015,0,0,0,0,0,0,0,0.003,0.504,0.328,0.139,0,0.029,0,0,0,0,0,0,0,0
Colne Valley,Yorkshire and The Humber,England,County,0.462,0.477,0.041,0,0.015,0,0,0,0,0,0,0,0.005,0.484,0.4,0.063,0.021,0.018,0,0,0,0,0,0,0,0.014
Congleton,North West,England,County,0.566,0.342,0.052,0.023,0.018,0,0,0,0,0,0,0,0,0.59,0.265,0.105,0,0.028,0,0,0,0,0,0,0,0.011
Copeland,North West,England,County,0.491,0.451,0.033,0.025,0,0,0,0,0,0,0,0,0,0.537,0.4,0.044,0,0.018,0,0,0,0,0,0,0,0
Corby,East Midlands,England,County,0.492,0.447,0.026,0.025,0.01,0,0,0,0,0,0,0,0,0.552,0.383,0.065,0,0,0,0,0,0,0,0,0,0
Coventry North East,West Midlands,England,Borough,0.299,0.634,0.025,0.029,0.011,0,0,0,0,0,0,0,0.002,0.354,0.527,0.046,0.047,0.026,0,0,0,0,0,0,0,0
Coventry North West,West Midlands,England,Borough,0.367,0.54,0.026,0.031,0.013,0,0,0,0,0,0,0,0.023,0.434,0.438,0.057,0.041,0.03,0,0,0,0,0,0,0,0
Coventry South,West Midlands,England,Borough,0.381,0.55,0.029,0.022,0.013,0,0,0,0,0,0,0,0.005,0.425,0.434,0.075,0.032,0.024,0,0,0,0,0,0,0,0.01
Crawley,South East,England,Borough,0.506,0.457,0.037,0,0,0,0,0,0,0,0,0,0,0.542,0.374,0.055,0,0.029,0,0,0,0,0,0,0,0
Crewe and Nantwich,North West,England,County,0.47,0.471,0.024,0.034,0,0,0,0,0,0,0,0,0,0.531,0.374,0.048,0.026,0.018,0,0,0,0,0,0,0,0.003
Croydon Central,London,England,Borough,0.424,0.523,0.019,0.018,0.011,0,0,0,0,0,0,0,0.004,0.392,0.502,0.065,0.018,0.022,0,0,0,0,0,0,0,0
Croydon North,London,England,Borough,0.199,0.742,0.028,0.013,0.016,0,0,0,0,0,0,0,0.003,0.213,0.656,0.08,0.015,0.029,0,0,0,0,0,0,0,0.006
Croydon South,London,England,Borough,0.544,0.358,0.058,0.018,0.018,0,0,0,0,0,0,0,0.003,0.522,0.314,0.126,0,0.03,0,0,0,0,0,0,0,0.007
Cumbernauld_ Kilsyth and Kirkintilloch East,Scotland,Scotland,County,0.183,0.339,0.028,0.014,0,0.436,0,0,0,0,0,0,0,0.162,0.245,0.065,0,0,0.529,0,0,0,0,0,0,0
Cynon Valley,Wales,Wales,County,0.194,0.61,0.018,0.04,0,0,0.138,0,0,0,0,0,0,0.222,0.514,0.031,0.101,0,0,0.085,0,0,0,0,0,0.047
Dagenham and Rainham,London,England,Borough,0.399,0.501,0.01,0.071,0.012,0,0,0,0,0,0,0,0.007,0.438,0.445,0.027,0.066,0.014,0,0,0,0,0,0,0,0.01
Darlington,North East,England,Borough,0.433,0.506,0.023,0.026,0.012,0,0,0,0,0,0,0,0,0.481,0.405,0.048,0.035,0.024,0,0,0,0,0,0,0,0.007
Dartford,South East,England,County,0.576,0.332,0.026,0.047,0.015,0,0,0,0,0,0,0,0.004,0.629,0.275,0.069,0,0.027,0,0,0,0,0,0,0,0
Daventry,East Midlands,England,County,0.637,0.247,0.072,0.027,0.017,0,0,0,0,0,0,0,0,0.646,0.191,0.123,0,0.041,0,0,0,0,0,0,0,0
Delyn,Wales,Wales,County,0.414,0.522,0.026,0,0,0,0.038,0,0,0,0,0,0,0.437,0.414,0.061,0.051,0,0,0.037,0,0,0,0,0,0
Denton and Reddish,North West,England,Borough,0.28,0.635,0.022,0.045,0.012,0,0,0,0,0,0,0,0.005,0.341,0.501,0.043,0.079,0.029,0,0,0,0,0,0,0,0.008
Derby North,East Midlands,England,Borough,0.444,0.485,0.046,0.024,0,0,0,0,0,0,0,0,0,0.452,0.398,0.073,0.041,0.022,0,0,0,0,0,0,0,0.014
Derbyshire Dales,East Midlands,England,County,0.6,0.311,0.063,0,0.02,0,0,0,0,0,0,0,0.006,0.587,0.239,0.132,0,0.041,0,0,0,0,0,0,0,0
Derby South,East Midlands,England,Borough,0.335,0.583,0.027,0.044,0.01,0,0,0,0,0,0,0,0,0.369,0.511,0.062,0.058,0,0,0,0,0,0,0,0,0
Devizes,South West,England,County,0.627,0.21,0.093,0.034,0.032,0,0,0,0,0,0,0,0.004,0.631,0.154,0.16,0,0.055,0,0,0,0,0,0,0,0
Dewsbury,Yorkshire and The Humber,England,County,0.451,0.51,0.021,0,0.018,0,0,0,0,0,0,0,0,0.464,0.437,0.043,0.033,0.019,0,0,0,0,0,0,0,0.004
Doncaster Central,Yorkshire and The Humber,England,Borough,0.344,0.579,0.023,0,0,0,0,0,0,0,0,0,0.055,0.345,0.4,0.042,0.165,0.024,0,0,0,0,0,0,0,0.024
Doncaster North,Yorkshire and The Humber,England,County,0.276,0.608,0.017,0.065,0,0,0,0,0,0,0,0,0.035,0.329,0.387,0.036,0.204,0,0,0,0,0,0,0,0,0.045
Don Valley,Yorkshire and The Humber,England,County,0.417,0.53,0.019,0,0,0,0,0,0,0,0,0,0.035,0.432,0.352,0.042,0.137,0.019,0,0,0,0,0,0,0,0.018
Dover,South East,England,County,0.524,0.4,0.026,0.033,0.018,0,0,0,0,0,0,0,0,0.569,0.326,0.057,0,0.027,0,0,0,0,0,0,0,0.021
Dudley North,West Midlands,England,Borough,0.464,0.465,0.009,0.055,0.006,0,0,0,0,0,0,0,0,0.631,0.316,0.033,0,0.02,0,0,0,0,0,0,0,0
Dudley South,West Midlands,England,Borough,0.564,0.362,0.016,0.047,0.01,0,0,0,0,0,0,0,0,0.679,0.253,0.044,0,0.024,0,0,0,0,0,0,0,0
Dulwich and West Norwood,London,England,Borough,0.195,0.696,0.08,0,0.025,0,0,0,0,0,0,0,0.004,0.164,0.655,0,0.01,0.165,0,0,0,0,0,0,0,0.006
Dumfries and Galloway,Scotland,Scotland,County,0.433,0.209,0.024,0,0,0.324,0,0,0,0,0,0,0.01,0.441,0.092,0.061,0,0,0.406,0,0,0,0,0,0,0
Dumfriesshire_ Clydesdale and Tweeddale,Scotland,Scotland,County,0.494,0.165,0.04,0,0,0.301,0,0,0,0,0,0,0,0.46,0.085,0.072,0,0,0.383,0,0,0,0,0,0,0
Dundee East,Scotland,Scotland,Borough,0.274,0.26,0.038,0,0,0.428,0,0,0,0,0,0,0,0.243,0.134,0.079,0,0,0.538,0,0,0,0,0,0,0.007
Dundee West,Scotland,Scotland,Borough,0.162,0.331,0.031,0,0,0.467,0,0,0,0,0,0,0.01,0.124,0.243,0.059,0.031,0,0.538,0,0,0,0,0,0,0.006
Dunfermline and West Fife,Scotland,Scotland,County,0.247,0.339,0.059,0,0,0.355,0,0,0,0,0,0,0,0.21,0.244,0.08,0,0.024,0.444,0,0,0,0,0,0,0
Dwyfor Meirionnydd,Wales,Wales,County,0.291,0.207,0.031,0.02,0,0,0.451,0,0,0,0,0,0,0.324,0.134,0,0.059,0,0,0.483,0,0,0,0,0,0
Ealing Central and Acton,London,England,Borough,0.347,0.597,0.056,0,0,0,0,0,0,0,0,0,0,0.271,0.513,0.172,0.012,0.032,0,0,0,0,0,0,0,0
Ealing North,London,England,Borough,0.285,0.66,0.024,0.018,0.014,0,0,0,0,0,0,0,0,0.318,0.565,0.088,0,0.029,0,0,0,0,0,0,0,0
Ealing_ Southall,London,England,Borough,0.213,0.703,0.042,0.011,0.023,0,0,0,0,0,0,0,0.008,0.227,0.608,0.093,0.021,0.04,0,0,0,0,0,0,0,0.011
Easington,North East,England,County,0.227,0.637,0.013,0.047,0.011,0,0,0,0,0,0,0,0.065,0.264,0.455,0.044,0.195,0,0,0,0,0,0,0,0,0.042
East Antrim,Northern Ireland,Northern Ireland,County,0.025,0,0,0,0,0,0,0.573,0.093,0.034,0.119,0.156,0,0.028,0,0,0,0.018,0,0,0.453,0.057,0.024,0.147,0.273,0
Eastbourne,South East,England,Borough,0.441,0.081,0.469,0,0.009,0,0,0,0,0,0,0,0,0.489,0.07,0.41,0.028,0,0,0,0,0,0,0,0,0.003
East Devon,South West,England,County,0.485,0.114,0.024,0.02,0,0,0,0,0,0,0,0,0.357,0.508,0.045,0.028,0,0.011,0,0,0,0,0,0,0,0.408
East Dunbartonshire,Scotland,Scotland,County,0.146,0.145,0.406,0,0,0.303,0,0,0,0,0,0,0,0.141,0.091,0.368,0,0.017,0.371,0,0,0,0,0,0,0.012
East Ham,London,England,Borough,0.128,0.832,0.012,0.012,0.008,0,0,0,0,0,0,0,0.008,0.156,0.763,0.04,0.02,0.016,0,0,0,0,0,0,0,0.005
East Hampshire,South East,England,County,0.636,0.17,0.152,0,0.032,0,0,0,0,0,0,0,0.01,0.588,0.111,0.242,0,0.046,0,0,0,0,0,0,0,0.014
East Kilbride_ Strathaven and Lesmahagow,Scotland,Scotland,County,0.253,0.317,0.029,0.012,0,0.389,0,0,0,0,0,0,0,0.212,0.227,0.067,0,0.02,0.464,0,0,0,0,0,0,0.01
Eastleigh,South East,England,Borough,0.504,0.2,0.257,0.026,0.013,0,0,0,0,0,0,0,0,0.554,0.128,0.29,0,0.028,0,0,0,0,0,0,0,0
East Londonderry,Northern Ireland,Northern Ireland,County,0.008,0,0,0,0,0,0,0.481,0.265,0.108,0.076,0.062,0,0,0,0,0,0,0,0,0.401,0.156,0.157,0.092,0.151,0.044
East Lothian,Scotland,Scotland,County,0.296,0.361,0.031,0,0,0.306,0,0,0,0,0,0,0.007,0.265,0.295,0.07,0,0,0.362,0,0,0,0,0,0,0.008
East Renfrewshire,Scotland,Scotland,County,0.4,0.267,0.021,0,0,0.312,0,0,0,0,0,0,0,0.351,0.124,0.075,0,0,0.449,0,0,0,0,0,0,0
East Surrey,South East,England,County,0.596,0.192,0.105,0.038,0.019,0,0,0,0,0,0,0,0.05,0.597,0.138,0.194,0,0.039,0,0,0,0,0,0,0,0.032
East Worthing and Shoreham,South East,England,County,0.489,0.393,0.047,0.027,0.024,0,0,0,0,0,0,0,0.019,0.51,0.37,0.078,0,0.038,0,0,0,0,0,0,0,0.005
East Yorkshire,Yorkshire and The Humber,England,County,0.583,0.305,0.04,0.037,0.017,0,0,0,0,0,0,0,0.019,0.644,0.212,0.08,0,0.032,0,0,0,0,0,0,0,0.032
Eddisbury,North West,England,County,0.569,0.336,0.055,0.022,0.015,0,0,0,0,0,0,0,0.003,0.568,0.22,0.181,0,0.022,0,0,0,0,0,0,0,0.009
Edinburgh East,Scotland,Scotland,Borough,0.186,0.347,0.042,0,0,0.425,0,0,0,0,0,0,0,0.137,0.267,0.069,0,0.043,0.484,0,0,0,0,0,0,0
Edinburgh North and Leith,Scotland,Scotland,Borough,0.272,0.312,0.046,0,0.031,0.34,0,0,0,0,0,0,0,0.185,0.221,0.112,0.009,0.033,0.437,0,0,0,0,0,0,0.002
Edinburgh South,Scotland,Scotland,Borough,0.197,0.549,0.029,0,0,0.225,0,0,0,0,0,0,0,0.164,0.477,0.077,0,0.027,0.254,0,0,0,0,0,0,0
Edinburgh South West,Scotland,Scotland,Borough,0.334,0.268,0.043,0,0,0.356,0,0,0,0,0,0,0,0.246,0.143,0.095,0.012,0.024,0.476,0,0,0,0,0,0,0.002
Edinburgh West,Scotland,Scotland,Borough,0.219,0.149,0.343,0,0,0.286,0,0,0,0,0,0,0.003,0.17,0.082,0.399,0,0.019,0.33,0,0,0,0,0,0,0
Edmonton,London,England,Borough,0.231,0.715,0.02,0.02,0.014,0,0,0,0,0,0,0,0,0.253,0.65,0.053,0.021,0.021,0,0,0,0,0,0,0,0.002
Ellesmere Port and Neston,North West,England,County,0.368,0.592,0.018,0.016,0.007,0,0,0,0,0,0,0,0,0.354,0.533,0.049,0.044,0.02,0,0,0,0,0,0,0,0
Elmet and Rothwell,Yorkshire and The Humber,England,County,0.543,0.379,0.044,0,0.017,0,0,0,0,0,0,0,0.018,0.579,0.281,0.089,0,0.03,0,0,0,0,0,0,0,0.021
Eltham,London,England,Borough,0.408,0.544,0.032,0,0,0,0,0,0,0,0,0,0.016,0.397,0.47,0.067,0.035,0.03,0,0,0,0,0,0,0,0
Enfield North,London,England,Borough,0.369,0.58,0.021,0.017,0.012,0,0,0,0,0,0,0,0,0.374,0.518,0.065,0.018,0.025,0,0,0,0,0,0,0,0
Enfield_ Southgate,London,England,Borough,0.427,0.517,0.04,0,0.016,0,0,0,0,0,0,0,0,0.391,0.485,0.092,0.01,0.022,0,0,0,0,0,0,0,0
Epping Forest,East,England,County,0.62,0.26,0.057,0.037,0.024,0,0,0,0,0,0,0,0.002,0.644,0.203,0.107,0,0.039,0,0,0,0,0,0,0,0.007
Epsom and Ewell,South East,England,Borough,0.596,0.25,0.125,0,0.029,0,0,0,0,0,0,0,0,0.535,0.172,0.235,0,0.034,0,0,0,0,0,0,0,0.024
Erewash,East Midlands,England,County,0.521,0.43,0.025,0,0.014,0,0,0,0,0,0,0,0.01,0.565,0.347,0.051,0,0.023,0,0,0,0,0,0,0,0.014
Erith and Thamesmead,London,England,Borough,0.35,0.575,0.017,0.039,0.011,0,0,0,0,0,0,0,0.007,0.39,0.48,0.048,0.054,0.021,0,0,0,0,0,0,0,0.007
Esher and Walton,South East,England,Borough,0.586,0.197,0.173,0.017,0.018,0,0,0,0,0,0,0,0.009,0.494,0.045,0.45,0,0,0,0,0,0,0,0,0,0.011
Exeter,South West,England,Borough,0.329,0.62,0.028,0,0.019,0,0,0,0,0,0,0,0.005,0.347,0.532,0,0.025,0.086,0,0,0,0,0,0,0,0.01
Falkirk,Scotland,Scotland,County,0.262,0.298,0.021,0.013,0.017,0.389,0,0,0,0,0,0,0,0.258,0.112,0.071,0,0.034,0.525,0,0,0,0,0,0,0
Fareham,South East,England,County,0.63,0.252,0.068,0.027,0.023,0,0,0,0,0,0,0,0,0.637,0.181,0.14,0,0.042,0,0,0,0,0,0,0,0
Faversham and Mid Kent,South East,England,County,0.611,0.261,0.065,0.034,0.029,0,0,0,0,0,0,0,0,0.632,0.196,0.122,0,0.042,0,0,0,0,0,0,0,0.007
Feltham and Heston,London,England,Borough,0.318,0.612,0.026,0.028,0.015,0,0,0,0,0,0,0,0,0.356,0.52,0.065,0.035,0.024,0,0,0,0,0,0,0,0
Fermanagh and South Tyrone,Northern Ireland,Northern Ireland,County,0,0,0,0,0.008,0,0,0,0.472,0.048,0.455,0.017,0,0,0,0,0,0,0,0,0,0.433,0.068,0.432,0.052,0.015
Filton and Bradley Stoke,South West,England,County,0.5,0.417,0.06,0,0.023,0,0,0,0,0,0,0,0,0.489,0.384,0.093,0,0.029,0,0,0,0,0,0,0,0.005
Finchley and Golders Green,London,England,Borough,0.47,0.438,0.066,0.009,0.018,0,0,0,0,0,0,0,0,0.438,0.242,0.319,0,0,0,0,0,0,0,0,0,0
Folkestone and Hythe,South East,England,County,0.547,0.285,0.072,0.044,0.042,0,0,0,0,0,0,0,0.01,0.601,0.24,0.098,0,0.046,0,0,0,0,0,0,0,0.016
Forest Of Dean,South West,England,County,0.543,0.359,0.039,0.024,0.024,0,0,0,0,0,0,0,0.011,0.596,0.288,0,0,0.091,0,0,0,0,0,0,0,0.025
Foyle,Northern Ireland,Northern Ireland,County,0,0,0,0,0,0,0,0.161,0.397,0.393,0,0.018,0.03,0,0,0,0,0,0,0,0.101,0.207,0.57,0.023,0.027,0.071
Fylde,North West,England,County,0.588,0.334,0.05,0,0.027,0,0,0,0,0,0,0,0,0.609,0.253,0.08,0,0.037,0,0,0,0,0,0,0,0.02
Gainsborough,East Midlands,England,County,0.618,0.287,0.071,0,0.024,0,0,0,0,0,0,0,0,0.664,0.214,0.101,0,0,0,0,0,0,0,0,0,0.021
Garston and Halewood,North West,England,Borough,0.177,0.777,0.032,0,0.014,0,0,0,0,0,0,0,0,0.13,0.723,0.062,0.055,0.022,0,0,0,0,0,0,0,0.006
Gateshead,North East,England,Borough,0.239,0.651,0.041,0.054,0.015,0,0,0,0,0,0,0,0,0.347,0.536,0.073,0,0.043,0,0,0,0,0,0,0,0
Gedling,East Midlands,England,County,0.428,0.519,0.02,0.022,0.01,0,0,0,0,0,0,0,0,0.455,0.441,0.046,0.036,0.022,0,0,0,0,0,0,0,0
Gillingham and Rainham,South East,England,Borough,0.554,0.361,0.028,0.043,0.011,0,0,0,0,0,0,0,0.003,0.613,0.284,0.054,0,0.023,0,0,0,0,0,0,0,0.026
Glasgow Central,Scotland,Scotland,Borough,0.139,0.384,0.029,0,0,0.447,0,0,0,0,0,0,0,0.092,0.331,0.049,0,0.036,0.492,0,0,0,0,0,0,0
Glasgow East,Scotland,Scotland,Borough,0.188,0.386,0.016,0.014,0,0.388,0,0,0,0,0,0,0.008,0.148,0.332,0.042,0,0,0.477,0,0,0,0,0,0,0
Glasgow North,Scotland,Scotland,Borough,0.147,0.345,0.034,0,0.097,0.376,0,0,0,0,0,0,0,0.105,0.314,0.066,0.009,0.036,0.469,0,0,0,0,0,0,0
Glasgow North East,Scotland,Scotland,Borough,0.129,0.429,0.02,0,0,0.422,0,0,0,0,0,0,0,0.105,0.394,0.032,0,0,0.469,0,0,0,0,0,0,0
Glasgow North West,Scotland,Scotland,Borough,0.18,0.359,0.036,0,0,0.425,0,0,0,0,0,0,0,0.152,0.285,0.068,0,0,0.495,0,0,0,0,0,0,0
Glasgow South,Scotland,Scotland,Borough,0.191,0.366,0.032,0,0,0.411,0,0,0,0,0,0,0,0.131,0.291,0.059,0.011,0.026,0.481,0,0,0,0,0,0,0
Glasgow South West,Scotland,Scotland,Borough,0.156,0.405,0.019,0.014,0,0.407,0,0,0,0,0,0,0,0.115,0.346,0.039,0.022,0,0.479,0,0,0,0,0,0,0
Glenrothes,Scotland,Scotland,County,0.195,0.347,0.03,0,0,0.428,0,0,0,0,0,0,0,0.167,0.228,0.064,0.031,0,0.511,0,0,0,0,0,0,0
Gloucester,South West,England,Borough,0.503,0.401,0.05,0.028,0.014,0,0,0,0,0,0,0,0.004,0.542,0.351,0.081,0,0.026,0,0,0,0,0,0,0,0
Gordon,Scotland,Scotland,County,0.407,0.118,0.116,0,0,0.359,0,0,0,0,0,0,0,0.413,0.055,0.106,0,0,0.427,0,0,0,0,0,0,0
Gosport,South East,England,Borough,0.619,0.272,0.047,0.036,0.021,0,0,0,0,0,0,0,0.005,0.665,0.185,0.113,0,0.037,0,0,0,0,0,0,0,0
Gower,Wales,Wales,County,0.427,0.499,0.02,0.014,0,0,0.037,0,0,0,0,0,0.003,0.413,0.454,0.05,0.031,0,0,0.051,0,0,0,0,0,0
Grantham and Stamford,East Midlands,England,County,0.62,0.265,0.055,0.031,0.014,0,0,0,0,0,0,0,0.015,0.657,0.193,0.11,0,0.04,0,0,0,0,0,0,0,0
Gravesham,South East,England,County,0.556,0.365,0.025,0.036,0.015,0,0,0,0,0,0,0,0.004,0.622,0.294,0.054,0,0.029,0,0,0,0,0,0,0,0
Great Grimsby,Yorkshire and The Humber,England,Borough,0.422,0.494,0.027,0.046,0,0,0,0,0,0,0,0,0.011,0.549,0.327,0.032,0.072,0.016,0,0,0,0,0,0,0,0.005
Great Yarmouth,East,England,County,0.541,0.361,0.022,0.063,0.013,0,0,0,0,0,0,0,0,0.658,0.251,0.038,0,0.024,0,0,0,0,0,0,0,0.028
Greenwich and Woolwich,London,England,Borough,0.254,0.644,0.071,0,0.03,0,0,0,0,0,0,0,0,0.221,0.568,0.137,0.023,0.044,0,0,0,0,0,0,0,0.007
Guildford,South East,England,County,0.546,0.19,0.239,0,0.021,0,0,0,0,0,0,0,0.005,0.449,0.077,0.392,0,0,0,0,0,0,0,0,0,0.083
Hackney North and Stoke Newington,London,England,Borough,0.127,0.751,0.068,0,0.046,0,0,0,0,0,0,0,0.009,0.119,0.703,0.075,0.011,0.088,0,0,0,0,0,0,0,0.004
Hackney South and Shoreditch,London,England,Borough,0.109,0.794,0.057,0,0.027,0,0,0,0,0,0,0,0.012,0.108,0.733,0.089,0.014,0.054,0,0,0,0,0,0,0,0.002
Halesowen and Rowley Regis,West Midlands,England,Borough,0.519,0.4,0.019,0.048,0.01,0,0,0,0,0,0,0,0.004,0.605,0.32,0.041,0,0.022,0,0,0,0,0,0,0,0.013
Halifax,Yorkshire and The Humber,England,Borough,0.417,0.528,0.022,0.032,0,0,0,0,0,0,0,0,0,0.407,0.463,0.049,0.061,0.02,0,0,0,0,0,0,0,0
Haltemprice and Howden,Yorkshire and The Humber,England,County,0.61,0.31,0.048,0,0.014,0,0,0,0,0,0,0,0.018,0.624,0.215,0.105,0,0.035,0,0,0,0,0,0,0,0.021
Halton,North West,England,County,0.216,0.729,0.018,0.03,0,0,0,0,0,0,0,0,0.006,0.224,0.635,0.039,0.081,0.021,0,0,0,0,0,0,0,0
Hammersmith,London,England,Borough,0.282,0.639,0.054,0.01,0.015,0,0,0,0,0,0,0,0.001,0.235,0.579,0.134,0.019,0.034,0,0,0,0,0,0,0,0
Hampstead and Kilburn,London,England,Borough,0.324,0.59,0.07,0,0.013,0,0,0,0,0,0,0,0.003,0.242,0.489,0.229,0.012,0.028,0,0,0,0,0,0,0,0
Harborough,East Midlands,England,County,0.523,0.307,0.126,0.024,0.019,0,0,0,0,0,0,0,0,0.553,0.252,0.159,0,0.03,0,0,0,0,0,0,0,0.007
Harlow,East,England,County,0.54,0.384,0.022,0.04,0.015,0,0,0,0,0,0,0,0,0.635,0.31,0.055,0,0,0,0,0,0,0,0,0,0
Harrogate and Knaresborough,Yorkshire and The Humber,England,County,0.555,0.201,0.235,0,0,0,0,0,0,0,0,0,0.01,0.526,0.096,0.356,0,0,0,0,0,0,0,0,0,0.021
Harrow East,London,England,Borough,0.494,0.46,0.031,0,0.015,0,0,0,0,0,0,0,0,0.544,0.379,0.077,0,0,0,0,0,0,0,0,0,0
Harrow West,London,England,Borough,0.344,0.608,0.025,0.009,0.013,0,0,0,0,0,0,0,0,0.343,0.524,0.09,0.019,0.023,0,0,0,0,0,0,0,0
Hartlepool,North East,England,Borough,0.342,0.525,0.018,0.115,0,0,0,0,0,0,0,0,0,0.289,0.377,0.041,0.258,0,0,0,0,0,0,0,0,0.034
Harwich and North Essex,East,England,County,0.585,0.304,0.054,0.033,0.02,0,0,0,0,0,0,0,0.003,0.613,0.224,0.113,0,0.037,0,0,0,0,0,0,0,0.013
Hastings and Rye,South East,England,County,0.469,0.462,0.034,0.027,0,0,0,0,0,0,0,0,0.008,0.496,0.421,0.073,0,0,0,0,0,0,0,0,0,0.01
Havant,South East,England,Borough,0.598,0.253,0.06,0.043,0.024,0,0,0,0,0,0,0,0.021,0.654,0.18,0.124,0,0.035,0,0,0,0,0,0,0,0.007
Hayes and Harlington,London,England,Borough,0.286,0.665,0.013,0.024,0.012,0,0,0,0,0,0,0,0,0.347,0.558,0.044,0.029,0.017,0,0,0,0,0,0,0,0.004
Hazel Grove,North West,England,County,0.454,0.205,0.329,0,0.012,0,0,0,0,0,0,0,0,0.488,0.124,0.388,0,0,0,0,0,0,0,0,0,0
Hemel Hempstead,East,England,County,0.55,0.369,0.062,0,0.02,0,0,0,0,0,0,0,0,0.565,0.281,0.123,0,0.031,0,0,0,0,0,0,0,0
Hemsworth,Yorkshire and The Humber,England,County,0.339,0.56,0.02,0.056,0,0,0,0,0,0,0,0,0.025,0.348,0.375,0.039,0.135,0.021,0,0,0,0,0,0,0,0.082
Hendon,London,England,Borough,0.48,0.46,0.038,0.011,0.011,0,0,0,0,0,0,0,0,0.488,0.411,0.084,0,0.017,0,0,0,0,0,0,0,0
Henley,South East,England,County,0.591,0.201,0.149,0.02,0.033,0,0,0,0,0,0,0,0.007,0.548,0.097,0.309,0,0.047,0,0,0,0,0,0,0,0
Hereford and South Herefordshire,West Midlands,England,County,0.535,0.238,0.07,0.023,0.024,0,0,0,0,0,0,0,0.11,0.612,0.216,0.125,0,0.048,0,0,0,0,0,0,0,0
Hertford and Stortford,East,England,County,0.603,0.286,0.081,0,0.03,0,0,0,0,0,0,0,0,0.561,0.234,0.143,0,0.045,0,0,0,0,0,0,0,0.016
Hertsmere,East,England,County,0.611,0.287,0.053,0.03,0.019,0,0,0,0,0,0,0,0,0.625,0.217,0.126,0,0.032,0,0,0,0,0,0,0,0
Hexham,North East,England,County,0.541,0.341,0.071,0.02,0.027,0,0,0,0,0,0,0,0,0.545,0.316,0.101,0,0.037,0,0,0,0,0,0,0,0
Heywood and Middleton,North West,England,County,0.38,0.533,0.022,0.065,0,0,0,0,0,0,0,0,0,0.431,0.417,0.044,0.083,0.026,0,0,0,0,0,0,0,0
High Peak,East Midlands,England,County,0.454,0.497,0.05,0,0,0,0,0,0,0,0,0,0,0.459,0.448,0.051,0.022,0.021,0,0,0,0,0,0,0,0
Hitchin and Harpenden,East,England,County,0.531,0.326,0.106,0,0.023,0,0,0,0,0,0,0,0.015,0.471,0.169,0.354,0,0,0,0,0,0,0,0,0,0.006
Holborn and St Pancras,London,England,Borough,0.184,0.701,0.068,0.012,0.034,0,0,0,0,0,0,0,0.002,0.156,0.645,0.129,0.018,0.048,0,0,0,0,0,0,0,0.003
Hornchurch and Upminster,London,England,Borough,0.602,0.286,0.024,0.062,0.019,0,0,0,0,0,0,0,0.006,0.658,0.226,0.072,0,0.036,0,0,0,0,0,0,0,0.009
Hornsey and Wood Green,London,England,Borough,0.148,0.654,0.161,0.007,0.019,0,0,0,0,0,0,0,0.011,0.112,0.575,0.26,0.012,0.036,0,0,0,0,0,0,0,0.005
Horsham,South East,England,County,0.595,0.217,0.123,0.025,0.03,0,0,0,0,0,0,0,0.01,0.568,0.149,0.234,0,0.042,0,0,0,0,0,0,0,0.008
Houghton and Sunderland South,North East,England,Borough,0.297,0.595,0.022,0.057,0.017,0,0,0,0,0,0,0,0.012,0.329,0.407,0.058,0.155,0.028,0,0,0,0,0,0,0,0.023
Hove,South East,England,Borough,0.316,0.641,0.023,0,0.017,0,0,0,0,0,0,0,0.003,0.281,0.583,0.066,0.02,0.044,0,0,0,0,0,0,0,0.006
Huddersfield,Yorkshire and The Humber,England,Borough,0.33,0.604,0.026,0,0.032,0,0,0,0,0,0,0,0.008,0.372,0.49,0.057,0.04,0.042,0,0,0,0,0,0,0,0
Huntingdon,East,England,County,0.551,0.309,0.085,0.037,0.018,0,0,0,0,0,0,0,0,0.548,0.22,0.159,0,0.038,0,0,0,0,0,0,0,0.035
Hyndburn,North West,England,Borough,0.405,0.534,0.018,0.043,0,0,0,0,0,0,0,0,0,0.485,0.415,0.029,0.051,0.02,0,0,0,0,0,0,0,0
Ilford North,London,England,Borough,0.396,0.578,0.02,0,0,0,0,0,0,0,0,0,0.007,0.401,0.505,0.053,0.019,0.017,0,0,0,0,0,0,0,0.004
Ilford South,London,England,Borough,0.209,0.758,0.013,0.008,0.009,0,0,0,0,0,0,0,0.001,0.205,0.656,0.034,0.019,0.013,0,0,0,0,0,0,0,0.073
Inverclyde,Scotland,Scotland,County,0.215,0.375,0.025,0,0,0.385,0,0,0,0,0,0,0,0.157,0.295,0.064,0,0,0.484,0,0,0,0,0,0,0
Inverness_ Nairn_ Badenoch and Strathspey,Scotland,Scotland,County,0.305,0.162,0.123,0,0,0.399,0,0,0,0,0,0,0.012,0.288,0.075,0.107,0.02,0.031,0.479,0,0,0,0,0,0,0
Ipswich,East,England,Borough,0.457,0.474,0.023,0.027,0.016,0,0,0,0,0,0,0,0.002,0.503,0.393,0.049,0.029,0.026,0,0,0,0,0,0,0,0
Isle Of Wight,South East,England,County,0.513,0.23,0.037,0.026,0.173,0,0,0,0,0,0,0,0.021,0.562,0.243,0,0,0.152,0,0,0,0,0,0,0,0.043
Islington North,London,England,Borough,0.125,0.73,0.09,0.008,0.041,0,0,0,0,0,0,0,0.007,0.102,0.643,0.156,0.014,0.08,0,0,0,0,0,0,0,0.004
Islington South and Finsbury,London,England,Borough,0.207,0.628,0.121,0.019,0.025,0,0,0,0,0,0,0,0,0.168,0.563,0.2,0.024,0.042,0,0,0,0,0,0,0,0.004
Islwyn,Wales,Wales,County,0.272,0.588,0.019,0.044,0,0,0.076,0,0,0,0,0,0,0.288,0.447,0.038,0.141,0.019,0,0.067,0,0,0,0,0,0
Jarrow,North East,England,Borough,0.25,0.651,0.027,0.054,0.017,0,0,0,0,0,0,0,0,0.276,0.451,0.058,0.101,0.02,0,0,0,0,0,0,0,0.094
Keighley,Yorkshire and The Humber,England,County,0.461,0.465,0.024,0.025,0.015,0,0,0,0,0,0,0,0.01,0.481,0.439,0.049,0.016,0,0,0,0,0,0,0,0,0.015
Kenilworth and Southam,West Midlands,England,County,0.608,0.256,0.096,0.018,0.022,0,0,0,0,0,0,0,0,0.577,0.179,0.19,0,0.045,0,0,0,0,0,0,0,0.009
Kensington,London,England,Borough,0.422,0.422,0.122,0,0.02,0,0,0,0,0,0,0,0.014,0.383,0.38,0.213,0.009,0.012,0,0,0,0,0,0,0,0.003
Kettering,East Midlands,England,County,0.579,0.365,0.033,0,0.023,0,0,0,0,0,0,0,0,0.603,0.264,0.068,0,0.031,0,0,0,0,0,0,0,0.033
Kilmarnock and Loudoun,Scotland,Scotland,County,0.267,0.289,0.021,0,0,0.423,0,0,0,0,0,0,0,0.243,0.189,0.051,0,0,0.508,0,0,0,0,0,0,0.009
Kingston and Surbiton,London,England,Borough,0.381,0.148,0.447,0.011,0.009,0,0,0,0,0,0,0,0.004,0.339,0.107,0.511,0.013,0.017,0,0,0,0,0,0,0,0.013
Kingston upon Hull East,Yorkshire and The Humber,England,Borough,0.299,0.583,0.034,0.07,0.013,0,0,0,0,0,0,0,0,0.354,0.392,0.053,0.178,0.024,0,0,0,0,0,0,0,0
Kingston upon Hull North,Yorkshire and The Humber,England,Borough,0.252,0.638,0.05,0.043,0.016,0,0,0,0,0,0,0,0,0.276,0.498,0.061,0.139,0.026,0,0,0,0,0,0,0,0
Kingston upon Hull West and Hessle,Yorkshire and The Humber,England,Borough,0.298,0.531,0.064,0.04,0.01,0,0,0,0,0,0,0,0.057,0.336,0.427,0.056,0.18,0.002,0,0,0,0,0,0,0,0
Kingswood,South West,England,Borough,0.549,0.395,0.036,0,0.02,0,0,0,0,0,0,0,0,0.562,0.334,0.069,0,0.024,0,0,0,0,0,0,0,0.01
Kirkcaldy and Cowdenbeath,Scotland,Scotland,County,0.233,0.368,0.024,0.012,0,0.363,0,0,0,0,0,0,0,0.201,0.326,0.062,0.024,0.035,0.352,0,0,0,0,0,0,0
Knowsley,North West,England,Borough,0.093,0.853,0.021,0.023,0.009,0,0,0,0,0,0,0,0,0.081,0.808,0.02,0.061,0.023,0,0,0,0,0,0,0,0.007
Lagan Valley,Northern Ireland,Northern Ireland,County,0.01,0,0,0,0,0,0,0.596,0.035,0.075,0.168,0.111,0.005,0.021,0,0,0,0,0,0,0.431,0.024,0.039,0.19,0.288,0.007
Lanark and Hamilton East,Scotland,Scotland,County,0.321,0.319,0.024,0.011,0,0.326,0,0,0,0,0,0,0,0.321,0.202,0.057,0,0,0.419,0,0,0,0,0,0,0
Lancaster and Fleetwood,North West,England,County,0.406,0.551,0.025,0,0.017,0,0,0,0,0,0,0,0,0.416,0.468,0.045,0.04,0.031,0,0,0,0,0,0,0,0
Leeds Central,Yorkshire and The Humber,England,Borough,0.205,0.702,0.022,0.043,0.025,0,0,0,0,0,0,0,0.003,0.226,0.617,0.048,0.061,0.043,0,0,0,0,0,0,0,0.006
Leeds East,Yorkshire and The Humber,England,Borough,0.306,0.614,0.018,0.042,0.01,0,0,0,0,0,0,0,0.01,0.357,0.498,0.046,0.076,0.022,0,0,0,0,0,0,0,0
Leeds North East,Yorkshire and The Humber,England,Borough,0.31,0.631,0.037,0,0.013,0,0,0,0,0,0,0,0.009,0.236,0.575,0.112,0.035,0.038,0,0,0,0,0,0,0,0.003
Leeds North West,Yorkshire and The Humber,England,Borough,0.197,0.441,0.35,0,0.013,0,0,0,0,0,0,0,0,0.268,0.486,0.191,0.026,0.028,0,0,0,0,0,0,0,0
Leeds West,Yorkshire and The Humber,England,Borough,0.262,0.64,0.021,0.043,0.024,0,0,0,0,0,0,0,0.01,0.289,0.551,0.044,0.067,0.032,0,0,0,0,0,0,0,0.018
Leicester East,East Midlands,England,Borough,0.242,0.67,0.026,0,0.02,0,0,0,0,0,0,0,0.042,0.386,0.508,0.057,0.025,0.018,0,0,0,0,0,0,0,0.007
Leicester South,East Midlands,England,Borough,0.216,0.736,0.025,0,0.023,0,0,0,0,0,0,0,0,0.218,0.67,0.055,0.024,0.033,0,0,0,0,0,0,0,0
Leicester West,East Midlands,England,Borough,0.314,0.608,0.021,0.037,0.016,0,0,0,0,0,0,0,0.003,0.376,0.497,0.052,0.047,0.028,0,0,0,0,0,0,0,0
Leigh,North West,England,County,0.358,0.562,0.02,0.059,0,0,0,0,0,0,0,0,0,0.453,0.411,0.048,0.067,0,0,0,0,0,0,0,0,0.021
Lewes,South East,England,County,0.495,0.112,0.393,0,0,0,0,0,0,0,0,0,0,0.479,0.058,0.434,0,0.026,0,0,0,0,0,0,0,0.002
Lewisham_ Deptford,London,England,Borough,0.137,0.77,0.053,0,0.03,0,0,0,0,0,0,0,0.01,0.114,0.708,0.104,0.014,0.056,0,0,0,0,0,0,0,0.004
Lewisham East,London,England,Borough,0.23,0.679,0.044,0.017,0.017,0,0,0,0,0,0,0,0.012,0.215,0.595,0.112,0.028,0.038,0,0,0,0,0,0,0,0.012
Lewisham West and Penge,London,England,Borough,0.23,0.666,0.062,0.013,0.022,0,0,0,0,0,0,0,0.007,0.198,0.612,0.12,0.02,0.046,0,0,0,0,0,0,0,0.004
Leyton and Wanstead,London,England,County,0.208,0.698,0.064,0,0.029,0,0,0,0,0,0,0,0,0.18,0.647,0.105,0.018,0.041,0,0,0,0,0,0,0,0.01
Lichfield,West Midlands,England,County,0.636,0.288,0.05,0,0.026,0,0,0,0,0,0,0,0,0.645,0.208,0.104,0,0.032,0,0,0,0,0,0,0,0.011
Lincoln,East Midlands,England,Borough,0.447,0.479,0.026,0.026,0.012,0,0,0,0,0,0,0,0.009,0.479,0.41,0.048,0.021,0.024,0,0,0,0,0,0,0,0.018
Linlithgow and East Falkirk,Scotland,Scotland,County,0.291,0.311,0.034,0,0,0.363,0,0,0,0,0,0,0,0.247,0.182,0.076,0.022,0.02,0.442,0,0,0,0,0,0,0.01
Liverpool_ Riverside,North West,England,Borough,0.097,0.845,0.025,0,0.033,0,0,0,0,0,0,0,0,0.078,0.78,0.051,0.034,0.057,0,0,0,0,0,0,0,0
Liverpool_ Walton,North West,England,Borough,0.086,0.857,0.015,0,0.012,0,0,0,0,0,0,0,0.029,0.099,0.847,0.019,0,0.02,0,0,0,0,0,0,0,0.016
Liverpool_ Wavertree,North West,England,Borough,0.12,0.796,0.065,0,0.014,0,0,0,0,0,0,0,0.005,0.097,0.722,0.093,0.044,0.031,0,0,0,0,0,0,0,0.012
Liverpool_ West Derby,North West,England,Borough,0.099,0.827,0.012,0,0.007,0,0,0,0,0,0,0,0.054,0.094,0.776,0.029,0.046,0.014,0,0,0,0,0,0,0,0.042
Livingston,Scotland,Scotland,County,0.244,0.327,0.029,0,0,0.401,0,0,0,0,0,0,0,0.223,0.218,0.063,0,0.026,0.469,0,0,0,0,0,0,0
Llanelli,Wales,Wales,County,0.237,0.535,0.014,0.033,0,0,0.182,0,0,0,0,0,0,0.3,0.422,0,0.094,0,0,0.184,0,0,0,0,0,0
Loughborough,East Midlands,England,County,0.499,0.42,0.036,0.027,0.018,0,0,0,0,0,0,0,0,0.512,0.38,0.076,0,0.028,0,0,0,0,0,0,0,0.004
Louth and Horncastle,East Midlands,England,County,0.639,0.267,0.038,0.047,0,0,0,0,0,0,0,0,0.009,0.727,0.175,0.079,0,0,0,0,0,0,0,0,0,0.02
Ludlow,West Midlands,England,County,0.629,0.243,0.107,0,0.021,0,0,0,0,0,0,0,0,0.641,0.151,0.17,0,0.038,0,0,0,0,0,0,0,0
Luton North,East,England,Borough,0.33,0.638,0.017,0,0.014,0,0,0,0,0,0,0,0,0.335,0.552,0.048,0.029,0.018,0,0,0,0,0,0,0,0.019
Luton South,East,England,Borough,0.323,0.624,0.023,0.017,0.01,0,0,0,0,0,0,0,0.003,0.31,0.518,0,0.038,0.024,0,0,0,0,0,0,0,0.111
Macclesfield,North West,England,County,0.527,0.368,0.062,0,0.022,0,0,0,0,0,0,0,0.021,0.525,0.326,0.106,0,0.043,0,0,0,0,0,0,0,0
Maidenhead,South East,England,County,0.648,0.193,0.112,0.015,0.016,0,0,0,0,0,0,0,0.016,0.577,0.14,0.244,0,0.039,0,0,0,0,0,0,0,0
Maidstone and The Weald,South East,England,County,0.564,0.221,0.163,0.031,0.017,0,0,0,0,0,0,0,0.003,0.604,0.183,0.164,0,0.042,0,0,0,0,0,0,0,0.007
Makerfield,North West,England,County,0.313,0.602,0.028,0,0,0,0,0,0,0,0,0,0.057,0.344,0.451,0.048,0.131,0.026,0,0,0,0,0,0,0,0
Maldon,East,England,County,0.679,0.213,0.043,0.038,0.021,0,0,0,0,0,0,0,0.005,0.72,0.124,0.119,0,0.037,0,0,0,0,0,0,0,0
Manchester Central,North West,England,Borough,0.142,0.774,0.034,0.03,0.017,0,0,0,0,0,0,0,0.004,0.148,0.704,0.065,0.045,0.036,0,0,0,0,0,0,0,0.002
Manchester_ Gorton,North West,England,Borough,0.073,0.763,0.057,0.021,0.023,0,0,0,0,0,0,0,0.064,0.095,0.776,0.055,0.035,0.038,0,0,0,0,0,0,0,0
Manchester_ Withington,North West,England,Borough,0.103,0.717,0.159,0,0.016,0,0,0,0,0,0,0,0.004,0.11,0.677,0.151,0.025,0.037,0,0,0,0,0,0,0,0
Mansfield,East Midlands,England,County,0.466,0.445,0.014,0.053,0,0,0,0,0,0,0,0,0.022,0.639,0.308,0.033,0,0,0,0,0,0,0,0,0,0.02
Meon Valley,South East,England,County,0.657,0.183,0.109,0.026,0.024,0,0,0,0,0,0,0,0,0.643,0.103,0.214,0,0.04,0,0,0,0,0,0,0,0
Meriden,West Midlands,England,County,0.62,0.269,0.049,0.037,0.026,0,0,0,0,0,0,0,0,0.634,0.213,0.104,0,0.049,0,0,0,0,0,0,0,0
Merthyr Tydfil and Rhymney,Wales,Wales,County,0.181,0.668,0.025,0.044,0,0,0.082,0,0,0,0,0,0,0.196,0.524,0.035,0.112,0,0,0.076,0,0,0,0,0,0.058
Mid Bedfordshire,East,England,County,0.617,0.284,0.06,0,0.028,0,0,0,0,0,0,0,0.011,0.598,0.217,0.126,0,0.038,0,0,0,0,0,0,0,0.021
Mid Derbyshire,East Midlands,England,County,0.586,0.355,0.036,0,0.023,0,0,0,0,0,0,0,0,0.588,0.276,0.096,0,0.039,0,0,0,0,0,0,0,0
Middlesbrough,North East,England,Borough,0.267,0.657,0.01,0.041,0.007,0,0,0,0,0,0,0,0.018,0.258,0.505,0.024,0.064,0.016,0,0,0,0,0,0,0,0.133
Middlesbrough South and East Cleveland,North East,England,County,0.496,0.475,0.028,0,0,0,0,0,0,0,0,0,0,0.588,0.345,0.041,0,0.026,0,0,0,0,0,0,0,0
Mid Dorset and North Poole,South West,England,County,0.592,0.133,0.275,0,0,0,0,0,0,0,0,0,0,0.604,0.07,0.299,0,0.027,0,0,0,0,0,0,0,0
Midlothian,Scotland,Scotland,County,0.254,0.364,0.038,0,0,0.344,0,0,0,0,0,0,0,0.217,0.297,0.07,0,0,0.415,0,0,0,0,0,0,0
Mid Norfolk,East,England,County,0.59,0.301,0.051,0.038,0.021,0,0,0,0,0,0,0,0,0.624,0.222,0.138,0,0,0,0,0,0,0,0,0,0.017
Mid Sussex,South East,England,County,0.569,0.25,0.127,0.02,0.025,0,0,0,0,0,0,0,0.008,0.533,0.179,0.243,0,0.036,0,0,0,0,0,0,0,0.01
Mid Ulster,Northern Ireland,Northern Ireland,County,0,0,0,0,0,0,0,0.269,0.545,0.098,0.065,0.023,0,0,0,0,0,0,0,0,0.245,0.459,0.143,0.059,0.079,0.015
Mid Worcestershire,West Midlands,England,County,0.653,0.229,0.063,0.03,0.025,0,0,0,0,0,0,0,0,0.667,0.168,0.115,0,0.039,0,0,0,0,0,0,0,0.011
Milton Keynes North,South East,England,County,0.475,0.444,0.039,0.022,0.017,0,0,0,0,0,0,0,0.003,0.495,0.395,0.08,0,0.031,0,0,0,0,0,0,0,0
Milton Keynes South,South East,England,Borough,0.475,0.449,0.029,0.028,0.018,0,0,0,0,0,0,0,0,0.5,0.392,0.073,0,0.023,0,0,0,0,0,0,0,0.012
Mitcham and Morden,London,England,Borough,0.242,0.687,0.031,0.022,0.013,0,0,0,0,0,0,0,0.005,0.251,0.611,0.081,0.026,0.025,0,0,0,0,0,0,0,0.005
Mole Valley,South East,England,County,0.619,0.139,0.193,0.024,0.026,0,0,0,0,0,0,0,0,0.554,0.052,0.343,0,0.033,0,0,0,0,0,0,0,0.018
Monmouth,Wales,Wales,County,0.531,0.366,0.042,0.015,0.019,0,0.027,0,0,0,0,0,0,0.521,0.322,0.098,0,0.027,0,0.024,0,0,0,0,0,0.009
Montgomeryshire,Wales,Wales,County,0.518,0.159,0.252,0,0.015,0,0.056,0,0,0,0,0,0,0.585,0.163,0.23,0,0,0,0,0,0,0,0,0,0.021
Moray,Scotland,Scotland,County,0.476,0.109,0.023,0,0,0.388,0,0,0,0,0,0,0.004,0.453,0.05,0.046,0,0,0.442,0,0,0,0,0,0,0.008
Morecambe and Lunesdale,North West,England,County,0.477,0.446,0.037,0.029,0.01,0,0,0,0,0,0,0,0,0.528,0.388,0.051,0,0.021,0,0,0,0,0,0,0,0.012
Morley and Outwood,Yorkshire and The Humber,England,County,0.507,0.467,0.026,0,0,0,0,0,0,0,0,0,0,0.567,0.35,0.044,0,0.021,0,0,0,0,0,0,0,0.018
Motherwell and Wishaw,Scotland,Scotland,Borough,0.202,0.378,0.022,0.013,0,0.385,0,0,0,0,0,0,0,0.161,0.323,0.038,0,0,0.464,0,0,0,0,0,0,0.014
Na h-Eileanan An Iar,Scotland,Scotland,County,0.165,0.338,0.017,0,0,0.406,0,0,0,0,0,0,0.075,0.222,0.283,0.044,0,0,0.451,0,0,0,0,0,0,0
Neath,Wales,Wales,County,0.237,0.567,0.019,0.037,0,0,0.139,0,0,0,0,0,0,0.28,0.433,0.04,0.087,0.02,0,0.122,0,0,0,0,0,0.018
Newark,East Midlands,England,County,0.627,0.297,0.051,0.026,0,0,0,0,0,0,0,0,0,0.633,0.235,0.097,0,0.036,0,0,0,0,0,0,0,0
Newbury,South East,England,County,0.615,0.141,0.214,0,0.025,0,0,0,0,0,0,0,0.005,0.574,0.073,0.306,0,0.041,0,0,0,0,0,0,0,0.005
Newcastle-Under-Lyme,West Midlands,England,Borough,0.481,0.482,0.037,0,0,0,0,0,0,0,0,0,0,0.525,0.359,0.053,0.043,0.021,0,0,0,0,0,0,0,0
Newcastle Upon Tyne Central,North East,England,Borough,0.246,0.649,0.049,0.04,0.016,0,0,0,0,0,0,0,0,0.248,0.576,0.072,0.068,0.036,0,0,0,0,0,0,0,0
Newcastle Upon Tyne East,North East,England,Borough,0.213,0.676,0.062,0.032,0.018,0,0,0,0,0,0,0,0,0.244,0.601,0.105,0,0.051,0,0,0,0,0,0,0,0
Newcastle Upon Tyne North,North East,England,Borough,0.339,0.554,0.052,0.037,0.011,0,0,0,0,0,0,0,0.007,0.332,0.454,0.093,0.092,0.029,0,0,0,0,0,0,0,0
New Forest East,South East,England,County,0.626,0.198,0.152,0,0.024,0,0,0,0,0,0,0,0,0.645,0.148,0.146,0,0.048,0,0,0,0,0,0,0,0.013
New Forest West,South East,England,County,0.668,0.196,0.096,0,0.029,0,0,0,0,0,0,0,0.01,0.638,0.131,0.153,0,0.077,0,0,0,0,0,0,0,0
Newport East,Wales,Wales,County,0.348,0.565,0.026,0.032,0,0,0.024,0,0,0,0,0,0.005,0.39,0.444,0.058,0.068,0.016,0,0.024,0,0,0,0,0,0
Newport West,Wales,Wales,County,0.393,0.523,0.022,0.025,0.011,0,0.025,0,0,0,0,0,0,0.416,0.437,0.059,0.04,0.021,0,0.027,0,0,0,0,0,0
Newry and Armagh,Northern Ireland,Northern Ireland,County,0,0,0,0,0,0,0,0.246,0.479,0.169,0.083,0.023,0,0,0,0,0,0,0,0,0.217,0.4,0.186,0.083,0.083,0.032
Newton Abbot,South West,England,County,0.555,0.222,0.205,0,0.018,0,0,0,0,0,0,0,0,0.555,0.178,0.222,0,0.029,0,0,0,0,0,0,0,0.016
Normanton_ Pontefract and Castleford,Yorkshire and The Humber,England,County,0.3,0.595,0.014,0.062,0,0,0,0,0,0,0,0,0.029,0.353,0.379,0.065,0.166,0,0,0,0,0,0,0,0,0.037
Northampton North,East Midlands,England,Borough,0.472,0.452,0.025,0.035,0.016,0,0,0,0,0,0,0,0,0.532,0.393,0.051,0,0.024,0,0,0,0,0,0,0,0
Northampton South,East Midlands,England,Borough,0.469,0.44,0.034,0.04,0.017,0,0,0,0,0,0,0,0,0.512,0.397,0.061,0,0.03,0,0,0,0,0,0,0,0
North Antrim,Northern Ireland,Northern Ireland,County,0,0,0,0,0,0,0,0.589,0.163,0.053,0.072,0.056,0.068,0,0,0,0,0,0,0,0.474,0.128,0.067,0.185,0.141,0.006
North Ayrshire and Arran,Scotland,Scotland,County,0.312,0.275,0.024,0,0,0.389,0,0,0,0,0,0,0,0.308,0.139,0.044,0,0.023,0.485,0,0,0,0,0,0,0
North Cornwall,South West,England,County,0.507,0.121,0.366,0,0,0,0,0,0,0,0,0,0.006,0.594,0.087,0.308,0,0,0,0,0,0,0,0,0,0.011
North Devon,South West,England,County,0.458,0.127,0.38,0.021,0.014,0,0,0,0,0,0,0,0,0.566,0.092,0.3,0,0.032,0,0,0,0,0,0,0,0.01
North Dorset,South West,England,County,0.649,0.186,0.136,0,0.029,0,0,0,0,0,0,0,0,0.636,0.12,0.203,0,0.04,0,0,0,0,0,0,0,0
North Down,Northern Ireland,Northern Ireland,County,0.024,0,0,0,0.065,0,0,0.381,0.014,0.01,0,0.093,0.413,0.048,0,0,0,0,0,0,0.379,0,0,0.121,0.452,0
North Durham,North East,England,County,0.3,0.599,0.046,0.056,0,0,0,0,0,0,0,0,0,0.329,0.442,0.068,0.111,0.027,0,0,0,0,0,0,0,0.023
North East Bedfordshire,East,England,County,0.609,0.285,0.058,0.03,0.019,0,0,0,0,0,0,0,0,0.591,0.218,0.123,0,0.029,0,0,0,0,0,0,0,0.039
North East Cambridgeshire,East,England,County,0.644,0.245,0.045,0.041,0.019,0,0,0,0,0,0,0,0.005,0.725,0.159,0.081,0,0.034,0,0,0,0,0,0,0,0
North East Derbyshire,East Midlands,England,County,0.492,0.435,0.028,0.031,0.014,0,0,0,0,0,0,0,0,0.587,0.326,0.061,0,0.026,0,0,0,0,0,0,0,0
North East Fife,Scotland,Scotland,County,0.241,0.096,0.329,0,0,0.329,0,0,0,0,0,0,0.005,0.13,0.037,0.431,0,0,0.402,0,0,0,0,0,0,0
North East Hampshire,South East,England,County,0.655,0.173,0.121,0.018,0.026,0,0,0,0,0,0,0,0.006,0.595,0.097,0.254,0,0.03,0,0,0,0,0,0,0,0.024
North East Hertfordshire,East,England,County,0.586,0.283,0.077,0,0.053,0,0,0,0,0,0,0,0,0.566,0.237,0.155,0,0.043,0,0,0,0,0,0,0,0
North East Somerset,South West,England,County,0.536,0.347,0.083,0,0.023,0,0,0,0,0,0,0,0.011,0.504,0.242,0.221,0,0.025,0,0,0,0,0,0,0,0.008
North Herefordshire,West Midlands,England,County,0.62,0.189,0.117,0,0.055,0,0,0,0,0,0,0,0.019,0.63,0.133,0.143,0,0.093,0,0,0,0,0,0,0,0
North Norfolk,East,England,County,0.417,0.099,0.484,0,0,0,0,0,0,0,0,0,0,0.586,0.077,0.303,0.034,0,0,0,0,0,0,0,0,0
North Shropshire,West Midlands,England,County,0.605,0.311,0.053,0,0.031,0,0,0,0,0,0,0,0,0.627,0.221,0.1,0,0.032,0,0,0,0,0,0,0,0.02
North Somerset,South West,England,County,0.542,0.266,0.096,0,0.032,0,0,0,0,0,0,0,0.063,0.529,0.246,0.178,0,0.047,0,0,0,0,0,0,0,0
North Swindon,South West,England,County,0.536,0.384,0.036,0.028,0.016,0,0,0,0,0,0,0,0,0.591,0.298,0.08,0,0.031,0,0,0,0,0,0,0,0
North Thanet,South East,England,County,0.562,0.34,0.033,0.045,0.017,0,0,0,0,0,0,0,0.003,0.624,0.267,0.071,0,0.037,0,0,0,0,0,0,0,0
North Tyneside,North East,England,Borough,0.273,0.645,0.029,0.04,0.013,0,0,0,0,0,0,0,0,0.307,0.497,0.064,0.104,0.028,0,0,0,0,0,0,0,0
North Warwickshire,West Midlands,England,County,0.569,0.389,0.022,0,0.02,0,0,0,0,0,0,0,0,0.659,0.268,0.045,0,0.028,0,0,0,0,0,0,0,0
North West Cambridgeshire,East,England,County,0.586,0.305,0.05,0.039,0.02,0,0,0,0,0,0,0,0,0.625,0.222,0.107,0,0.047,0,0,0,0,0,0,0,0
North West Durham,North East,England,County,0.345,0.528,0.071,0.045,0.011,0,0,0,0,0,0,0,0,0.419,0.395,0.059,0.067,0.025,0,0,0,0,0,0,0,0.034
North West Hampshire,South East,England,County,0.621,0.235,0.097,0.025,0.023,0,0,0,0,0,0,0,0,0.621,0.158,0.175,0,0.046,0,0,0,0,0,0,0,0
North West Leicestershire,East Midlands,England,County,0.582,0.334,0.064,0,0.021,0,0,0,0,0,0,0,0,0.628,0.249,0.067,0,0.046,0,0,0,0,0,0,0,0.009
North West Norfolk,East,England,County,0.602,0.32,0.029,0.032,0.017,0,0,0,0,0,0,0,0,0.657,0.23,0.078,0,0.035,0,0,0,0,0,0,0,0
North Wiltshire,South West,England,County,0.603,0.175,0.177,0.016,0.021,0,0,0,0,0,0,0,0.007,0.591,0.104,0.269,0,0.035,0,0,0,0,0,0,0,0
Norwich North,East,England,Borough,0.477,0.466,0.032,0,0.017,0,0,0,0,0,0,0,0.007,0.505,0.403,0.058,0,0.023,0,0,0,0,0,0,0,0.011
Norwich South,East,England,Borough,0.306,0.61,0.055,0,0.029,0,0,0,0,0,0,0,0,0.29,0.537,0.092,0.032,0.048,0,0,0,0,0,0,0,0
Nottingham East,East Midlands,England,Borough,0.216,0.715,0.026,0.021,0.018,0,0,0,0,0,0,0,0.005,0.209,0.643,0.049,0.034,0.03,0,0,0,0,0,0,0,0.036
Nottingham North,East Midlands,England,Borough,0.311,0.602,0.018,0.056,0.014,0,0,0,0,0,0,0,0,0.364,0.491,0.045,0.076,0.025,0,0,0,0,0,0,0,0
Nottingham South,East Midlands,England,Borough,0.309,0.624,0.032,0.023,0.012,0,0,0,0,0,0,0,0,0.291,0.552,0.082,0.042,0.033,0,0,0,0,0,0,0,0
Nuneaton,West Midlands,England,County,0.516,0.413,0.02,0.035,0.017,0,0,0,0,0,0,0,0,0.606,0.315,0.041,0,0.037,0,0,0,0,0,0,0,0
Ochil and South Perthshire,Scotland,Scotland,County,0.415,0.2,0.032,0,0,0.353,0,0,0,0,0,0,0,0.387,0.086,0.055,0,0,0.465,0,0,0,0,0,0,0.007
Ogmore,Wales,Wales,County,0.251,0.624,0.016,0.033,0,0,0.075,0,0,0,0,0,0,0.277,0.497,0.041,0.085,0.018,0,0.082,0,0,0,0,0,0
Old Bexley and Sidcup,London,England,Borough,0.615,0.293,0.033,0.034,0.017,0,0,0,0,0,0,0,0.008,0.645,0.235,0.083,0,0.032,0,0,0,0,0,0,0,0.005
Oldham East and Saddleworth,North West,England,County,0.371,0.545,0.036,0.048,0,0,0,0,0,0,0,0,0,0.403,0.435,0.052,0.065,0.017,0,0,0,0,0,0,0,0.028
Oldham West and Royton,North West,England,Borough,0.276,0.652,0.021,0.041,0.01,0,0,0,0,0,0,0,0,0.303,0.553,0.033,0.075,0.015,0,0,0,0,0,0,0,0.021
Orkney and Shetland,Scotland,Scotland,County,0.087,0.114,0.486,0.012,0,0.29,0,0,0,0,0,0,0.011,0.099,0.067,0.448,0.039,0,0.34,0,0,0,0,0,0,0.007
Orpington,London,England,Borough,0.629,0.244,0.066,0.04,0.021,0,0,0,0,0,0,0,0,0.634,0.175,0.155,0,0.037,0,0,0,0,0,0,0,0
Oxford East,South East,England,Borough,0.22,0.652,0.091,0,0.033,0,0,0,0,0,0,0,0.005,0.209,0.57,0.139,0.023,0.048,0,0,0,0,0,0,0,0.01
Oxford West and Abingdon,South East,England,County,0.424,0.126,0.437,0.013,0,0,0,0,0,0,0,0,0,0.381,0.072,0.533,0.014,0,0,0,0,0,0,0,0,0
Paisley and Renfrewshire North,Scotland,Scotland,County,0.275,0.318,0.032,0,0,0.374,0,0,0,0,0,0,0,0.226,0.23,0.074,0,0,0.47,0,0,0,0,0,0,0
Paisley and Renfrewshire South,Scotland,Scotland,County,0.195,0.346,0.032,0,0,0.407,0,0,0,0,0,0,0.021,0.176,0.254,0.068,0,0,0.502,0,0,0,0,0,0,0
Pendle,North West,England,Borough,0.49,0.462,0.021,0,0.011,0,0,0,0,0,0,0,0.016,0.542,0.402,0.035,0,0.015,0,0,0,0,0,0,0,0.006
Penistone and Stocksbridge,Yorkshire and The Humber,England,County,0.432,0.458,0.041,0.069,0,0,0,0,0,0,0,0,0,0.478,0.333,0.102,0.087,0,0,0,0,0,0,0,0,0
Penrith and The Border,North West,England,County,0.604,0.262,0.078,0.025,0.022,0,0,0,0,0,0,0,0.009,0.604,0.217,0.112,0,0.045,0,0,0,0,0,0,0,0.022
Perth and North Perthshire,Scotland,Scotland,County,0.423,0.104,0.05,0,0,0.423,0,0,0,0,0,0,0,0.366,0.046,0.07,0.012,0,0.506,0,0,0,0,0,0,0
Peterborough,East,England,Borough,0.468,0.481,0.033,0,0.018,0,0,0,0,0,0,0,0,0.467,0.413,0.049,0.044,0.015,0,0,0,0,0,0,0,0.011
Plymouth_ Moor View,South West,England,Borough,0.519,0.408,0.02,0.041,0.012,0,0,0,0,0,0,0,0,0.607,0.315,0.052,0,0.027,0,0,0,0,0,0,0,0
Plymouth_ Sutton and Devonport,South West,England,Borough,0.4,0.533,0.024,0.027,0.012,0,0,0,0,0,0,0,0.005,0.389,0.479,0.048,0.055,0.029,0,0,0,0,0,0,0,0
Pontypridd,Wales,Wales,County,0.267,0.554,0.049,0.027,0,0,0.103,0,0,0,0,0,0,0.294,0.445,0,0.075,0,0,0.128,0,0,0,0,0,0.058
Poole,South West,England,Borough,0.579,0.294,0.089,0,0.026,0,0,0,0,0,0,0,0.011,0.587,0.208,0.155,0,0.034,0,0,0,0,0,0,0,0.017
Poplar and Limehouse,London,England,Borough,0.201,0.673,0.067,0.014,0.017,0,0,0,0,0,0,0,0.027,0.159,0.631,0.144,0.024,0.035,0,0,0,0,0,0,0,0.006
Portsmouth North,South East,England,Borough,0.548,0.337,0.055,0.041,0.017,0,0,0,0,0,0,0,0.003,0.614,0.27,0.074,0,0.028,0,0,0,0,0,0,0,0.014
Portsmouth South,South East,England,Borough,0.376,0.41,0.173,0.025,0.016,0,0,0,0,0,0,0,0,0.373,0.486,0.114,0.021,0,0,0,0,0,0,0,0,0.005
Preseli Pembrokeshire,Wales,Wales,County,0.434,0.426,0.026,0.02,0,0,0.064,0,0,0,0,0,0.029,0.504,0.385,0.046,0,0,0,0.065,0,0,0,0,0,0
Preston,North West,England,Borough,0.238,0.68,0.034,0.038,0.01,0,0,0,0,0,0,0,0,0.258,0.618,0.051,0.053,0.02,0,0,0,0,0,0,0,0
Pudsey,Yorkshire and The Humber,England,Borough,0.474,0.467,0.033,0,0,0,0,0,0,0,0,0,0.026,0.488,0.423,0.057,0,0.016,0,0,0,0,0,0,0,0.016
Putney,London,England,Borough,0.441,0.408,0.116,0.01,0.024,0,0,0,0,0,0,0,0.001,0.357,0.451,0.169,0,0.022,0,0,0,0,0,0,0,0
Rayleigh and Wickford,East,England,County,0.667,0.243,0.028,0.042,0.019,0,0,0,0,0,0,0,0,0.726,0.161,0.076,0,0.036,0,0,0,0,0,0,0,0
Reading East,South East,England,Borough,0.423,0.49,0.061,0,0.02,0,0,0,0,0,0,0,0.006,0.379,0.485,0.09,0.015,0.028,0,0,0,0,0,0,0,0.004
Reading West,South East,England,County,0.489,0.433,0.059,0,0.019,0,0,0,0,0,0,0,0,0.484,0.402,0.089,0,0.025,0,0,0,0,0,0,0,0
Redcar,North East,England,Borough,0.332,0.555,0.067,0.046,0,0,0,0,0,0,0,0,0,0.461,0.374,0.049,0.071,0.012,0,0,0,0,0,0,0,0.032
Redditch,West Midlands,England,County,0.523,0.36,0.026,0.03,0.008,0,0,0,0,0,0,0,0.052,0.633,0.269,0.066,0,0.031,0,0,0,0,0,0,0,0
Reigate,South East,England,Borough,0.574,0.247,0.109,0.029,0.041,0,0,0,0,0,0,0,0,0.539,0.195,0.194,0,0.06,0,0,0,0,0,0,0,0.012
Rhondda,Wales,Wales,County,0.101,0.641,0.008,0.027,0,0,0.223,0,0,0,0,0,0,0.158,0.544,0.021,0.126,0.015,0,0.137,0,0,0,0,0,0
Ribble Valley,North West,England,County,0.578,0.339,0.059,0,0.024,0,0,0,0,0,0,0,0,0.603,0.27,0.086,0,0.031,0,0,0,0,0,0,0,0.01
Richmond Park,London,England,Borough,0.451,0.091,0.451,0.007,0,0,0,0,0,0,0,0,0,0.412,0.052,0.531,0,0,0,0,0,0,0,0,0,0.005
Richmond (Yorks),Yorkshire and The Humber,England,County,0.639,0.234,0.059,0,0.031,0,0,0,0,0,0,0,0.037,0.636,0.164,0.121,0,0.043,0,0,0,0,0,0,0,0.035
Rochdale,North West,England,County,0.284,0.58,0.08,0.033,0,0,0,0,0,0,0,0,0.022,0.312,0.516,0.07,0.082,0.021,0,0,0,0,0,0,0,0
Rochester and Strood,South East,England,County,0.544,0.36,0.022,0.054,0.015,0,0,0,0,0,0,0,0.005,0.6,0.271,0.072,0,0.025,0,0,0,0,0,0,0,0.032
Rochford and Southend East,East,England,County,0.487,0.37,0.027,0.038,0.017,0,0,0,0,0,0,0,0.062,0.587,0.32,0.061,0,0,0,0,0,0,0,0,0,0.032
Romford,London,England,Borough,0.594,0.318,0.024,0.047,0.016,0,0,0,0,0,0,0,0,0.646,0.267,0.057,0,0.03,0,0,0,0,0,0,0,0
Romsey and Southampton North,South East,England,County,0.572,0.192,0.212,0,0.019,0,0,0,0,0,0,0,0.005,0.542,0.115,0.331,0,0,0,0,0,0,0,0,0,0.012
Rossendale and Darwen,North West,England,Borough,0.508,0.444,0.031,0,0.016,0,0,0,0,0,0,0,0,0.565,0.37,0.041,0,0.024,0,0,0,0,0,0,0,0
Ross_ Skye and Lochaber,Scotland,Scotland,County,0.249,0.122,0.209,0,0,0.403,0,0,0,0,0,0,0.018,0.173,0.061,0.246,0.018,0,0.483,0,0,0,0,0,0,0.018
Rotherham,Yorkshire and The Humber,England,Borough,0.264,0.564,0.046,0.087,0,0,0,0,0,0,0,0,0.038,0.326,0.413,0.059,0.172,0,0,0,0,0,0,0,0,0.03
Rother Valley,Yorkshire and The Humber,England,County,0.403,0.481,0.023,0.075,0.018,0,0,0,0,0,0,0,0,0.451,0.321,0.052,0.129,0.025,0,0,0,0,0,0,0,0.021
Rugby,West Midlands,England,County,0.543,0.383,0.056,0,0.019,0,0,0,0,0,0,0,0,0.576,0.311,0.083,0,0.03,0,0,0,0,0,0,0,0
Ruislip_ Northwood and Pinner,London,England,Borough,0.572,0.31,0.071,0.022,0.024,0,0,0,0,0,0,0,0,0.556,0.246,0.151,0,0.031,0,0,0,0,0,0,0,0.017
Runnymede and Weybridge,South East,England,County,0.609,0.259,0.073,0.032,0.026,0,0,0,0,0,0,0,0,0.549,0.206,0.173,0,0.035,0,0,0,0,0,0,0,0.036
Rushcliffe,East Midlands,England,County,0.518,0.381,0.047,0.026,0.028,0,0,0,0,0,0,0,0,0.475,0.349,0.159,0,0,0,0,0,0,0,0,0,0.017
Rutherglen and Hamilton West,Scotland,Scotland,Borough,0.195,0.375,0.042,0.009,0,0.37,0,0,0,0,0,0,0.007,0.15,0.345,0.052,0,0,0.442,0,0,0,0,0,0,0.012
Rutland and Melton,East Midlands,England,County,0.628,0.227,0.082,0.032,0.03,0,0,0,0,0,0,0,0,0.626,0.164,0.137,0,0.049,0,0,0,0,0,0,0,0.024
Saffron Walden,East,England,County,0.618,0.208,0.14,0.034,0,0,0,0,0,0,0,0,0,0.63,0.132,0.192,0,0.047,0,0,0,0,0,0,0,0
Salford and Eccles,North West,England,Borough,0.253,0.655,0.027,0.049,0.017,0,0,0,0,0,0,0,0,0.245,0.568,0.061,0.085,0.041,0,0,0,0,0,0,0,0
Salisbury,South West,England,County,0.581,0.255,0.112,0.022,0.022,0,0,0,0,0,0,0,0.008,0.564,0.18,0.196,0,0.046,0,0,0,0,0,0,0,0.014
Scarborough and Whitby,Yorkshire and The Humber,England,County,0.484,0.416,0.027,0.033,0.018,0,0,0,0,0,0,0,0.022,0.555,0.348,0.061,0,0,0,0,0,0,0,0,0,0.036
Scunthorpe,Yorkshire and The Humber,England,County,0.435,0.52,0.014,0.031,0,0,0,0,0,0,0,0,0,0.538,0.367,0.023,0.054,0.018,0,0,0,0,0,0,0,0
Sedgefield,North East,England,County,0.388,0.534,0.019,0.042,0.016,0,0,0,0,0,0,0,0,0.472,0.363,0.047,0.085,0.024,0,0,0,0,0,0,0,0.009
Sefton Central,North West,England,County,0.33,0.63,0.027,0,0.013,0,0,0,0,0,0,0,0,0.278,0.575,0.067,0.048,0.025,0,0,0,0,0,0,0,0.008
Selby and Ainsty,Yorkshire and The Humber,England,County,0.587,0.341,0.041,0.031,0,0,0,0,0,0,0,0,0,0.603,0.246,0.086,0,0.032,0,0,0,0,0,0,0,0.034
Sevenoaks,South East,England,County,0.637,0.209,0.084,0.037,0.033,0,0,0,0,0,0,0,0,0.607,0.136,0.198,0,0.039,0,0,0,0,0,0,0,0.019
Sheffield_ Brightside and Hillsborough,Yorkshire and The Humber,England,Borough,0.216,0.673,0.025,0.063,0.018,0,0,0,0,0,0,0,0.004,0.255,0.565,0.038,0.097,0.03,0,0,0,0,0,0,0,0.015
Sheffield Central,Yorkshire and The Humber,England,Borough,0.13,0.709,0.051,0.022,0.08,0,0,0,0,0,0,0,0.007,0.131,0.667,0.064,0.039,0.09,0,0,0,0,0,0,0,0.009
Sheffield_ Hallam,Yorkshire and The Humber,England,County,0.238,0.384,0.346,0.016,0.014,0,0,0,0,0,0,0,0.001,0.258,0.346,0.334,0.027,0.029,0,0,0,0,0,0,0,0.005
Sheffield_ Heeley,Yorkshire and The Humber,England,Borough,0.287,0.6,0.046,0.045,0.021,0,0,0,0,0,0,0,0.001,0.303,0.503,0.068,0.083,0.042,0,0,0,0,0,0,0,0
Sheffield South East,Yorkshire and The Humber,England,Borough,0.315,0.585,0.033,0.065,0,0,0,0,0,0,0,0,0.002,0.359,0.461,0.051,0.107,0,0,0,0,0,0,0,0,0.023
Sherwood,East Midlands,England,County,0.515,0.418,0.021,0.034,0.012,0,0,0,0,0,0,0,0,0.608,0.301,0.055,0,0.023,0,0,0,0,0,0,0,0.013
Shipley,Yorkshire and The Humber,England,County,0.513,0.426,0.041,0,0,0,0,0,0,0,0,0,0.019,0.508,0.392,0.059,0,0.024,0,0,0,0,0,0,0,0.016
Shrewsbury and Atcham,West Midlands,England,County,0.5,0.386,0.073,0.023,0.018,0,0,0,0,0,0,0,0,0.525,0.335,0.1,0,0.03,0,0,0,0,0,0,0,0.01
Sittingbourne and Sheppey,South East,England,County,0.602,0.306,0.027,0,0.011,0,0,0,0,0,0,0,0.055,0.676,0.2,0.063,0,0.023,0,0,0,0,0,0,0,0.039
Skipton and Ripon,Yorkshire and The Humber,England,County,0.627,0.283,0,0,0.064,0,0,0,0,0,0,0,0.026,0.595,0.191,0.148,0,0.047,0,0,0,0,0,0,0,0.019
Sleaford and North Hykeham,East Midlands,England,County,0.642,0.258,0.041,0.03,0.015,0,0,0,0,0,0,0,0.014,0.671,0.182,0.08,0,0.026,0,0,0,0,0,0,0,0.04
Slough,South East,England,Borough,0.316,0.629,0.024,0.023,0,0,0,0,0,0,0,0,0.008,0.309,0.576,0.066,0.028,0.021,0,0,0,0,0,0,0,0
Solihull,West Midlands,England,Borough,0.581,0.219,0.157,0.023,0.02,0,0,0,0,0,0,0,0,0.584,0.199,0.18,0,0.037,0,0,0,0,0,0,0,0
Somerton and Frome,South West,England,County,0.567,0.172,0.209,0,0.037,0,0,0,0,0,0,0,0.016,0.558,0.129,0.262,0,0.051,0,0,0,0,0,0,0,0
Southampton_ Itchen,South East,England,Borough,0.465,0.465,0.03,0.024,0.015,0,0,0,0,0,0,0,0,0.505,0.41,0.053,0,0.022,0,0,0,0,0,0,0,0.01
Southampton_ Test,South East,England,Borough,0.341,0.587,0.04,0,0,0,0,0,0,0,0,0,0.032,0.357,0.495,0.077,0.035,0.032,0,0,0,0,0,0,0,0.005
South Antrim,Northern Ireland,Northern Ireland,County,0,0,0,0,0,0,0,0.382,0.181,0.055,0.308,0.074,0,0,0,0,0,0,0,0,0.353,0.114,0.053,0.29,0.191,0
South Basildon and East Thurrock,East,England,County,0.569,0.325,0.016,0.068,0.014,0,0,0,0,0,0,0,0.008,0.662,0.222,0.043,0,0,0,0,0,0,0,0,0,0.073
South Cambridgeshire,East,England,County,0.518,0.272,0.186,0,0.023,0,0,0,0,0,0,0,0,0.463,0.117,0.42,0,0,0,0,0,0,0,0,0,0
South Derbyshire,East Midlands,England,County,0.587,0.36,0.036,0,0.017,0,0,0,0,0,0,0,0,0.628,0.265,0.074,0,0.033,0,0,0,0,0,0,0,0
South Dorset,South West,England,County,0.561,0.336,0.059,0,0.044,0,0,0,0,0,0,0,0,0.588,0.252,0.106,0,0.044,0,0,0,0,0,0,0,0.009
South Down,Northern Ireland,Northern Ireland,County,0,0,0,0,0,0,0,0.174,0.399,0.351,0.039,0.036,0,0,0,0,0,0,0,0,0.153,0.324,0.292,0.066,0.139,0.025
South East Cambridgeshire,East,England,County,0.533,0.277,0.19,0,0,0,0,0,0,0,0,0,0,0.5,0.163,0.321,0,0,0,0,0,0,0,0,0,0.016
South East Cornwall,South West,England,County,0.554,0.226,0.194,0,0.025,0,0,0,0,0,0,0,0,0.593,0.202,0.161,0,0.028,0,0,0,0,0,0,0,0.016
Southend West,East,England,Borough,0.552,0.34,0.045,0.035,0.018,0,0,0,0,0,0,0,0.01,0.592,0.281,0.114,0,0,0,0,0,0,0,0,0,0.012
South Holland and The Deepings,East Midlands,England,County,0.699,0.204,0.028,0.043,0.018,0,0,0,0,0,0,0,0.007,0.759,0.132,0.066,0,0.033,0,0,0,0,0,0,0,0.01
South Leicestershire,East Midlands,England,County,0.614,0.285,0.042,0.039,0.019,0,0,0,0,0,0,0,0,0.64,0.223,0.095,0,0.042,0,0,0,0,0,0,0,0
South Norfolk,East,England,County,0.582,0.309,0.083,0,0.025,0,0,0,0,0,0,0,0,0.58,0.24,0.14,0,0.04,0,0,0,0,0,0,0,0
South Northamptonshire,East Midlands,England,County,0.625,0.273,0.056,0.021,0.021,0,0,0,0,0,0,0,0.005,0.624,0.209,0.118,0,0.039,0,0,0,0,0,0,0,0.009
Southport,North West,England,Borough,0.387,0.326,0.264,0.024,0,0,0,0,0,0,0,0,0,0.476,0.39,0.135,0,0,0,0,0,0,0,0,0,0
South Ribble,North West,England,County,0.529,0.393,0.038,0.025,0.009,0,0,0,0,0,0,0,0.006,0.558,0.35,0.069,0,0.022,0,0,0,0,0,0,0,0
South Shields,North East,England,Borough,0.259,0.615,0.017,0.074,0.035,0,0,0,0,0,0,0,0,0.203,0.456,0.04,0.17,0.034,0,0,0,0,0,0,0,0.097
South Staffordshire,West Midlands,England,County,0.698,0.253,0.026,0,0.023,0,0,0,0,0,0,0,0,0.73,0.165,0.066,0,0.039,0,0,0,0,0,0,0,0
South Suffolk,East,England,County,0.605,0.278,0.058,0.027,0.032,0,0,0,0,0,0,0,0,0.622,0.194,0.125,0,0.059,0,0,0,0,0,0,0,0
South Swindon,South West,England,County,0.484,0.436,0.041,0.025,0.015,0,0,0,0,0,0,0,0,0.523,0.392,0.085,0,0,0,0,0,0,0,0,0,0
South Thanet,South East,England,County,0.508,0.379,0.03,0.06,0.016,0,0,0,0,0,0,0,0.006,0.561,0.342,0.057,0,0.04,0,0,0,0,0,0,0,0
South West Bedfordshire,East,England,County,0.592,0.338,0.047,0,0.017,0,0,0,0,0,0,0,0.005,0.604,0.256,0.102,0,0.038,0,0,0,0,0,0,0,0
South West Devon,South West,England,County,0.598,0.299,0.052,0.029,0.021,0,0,0,0,0,0,0,0,0.624,0.222,0.116,0,0.038,0,0,0,0,0,0,0,0
South West Hertfordshire,East,England,County,0.579,0.257,0.117,0.021,0.026,0,0,0,0,0,0,0,0,0.496,0.118,0.102,0,0.024,0,0,0,0,0,0,0,0.26
South West Norfolk,East,England,County,0.628,0.278,0.045,0.049,0,0,0,0,0,0,0,0,0,0.69,0.181,0.081,0,0.032,0,0,0,0,0,0,0,0.016
South West Surrey,South East,England,County,0.557,0.126,0.099,0.018,0,0,0,0,0,0,0,0,0.2,0.533,0.079,0.387,0,0,0,0,0,0,0,0,0,0
South West Wiltshire,South West,England,County,0.6,0.265,0.098,0,0.026,0,0,0,0,0,0,0,0.011,0.602,0.208,0.146,0,0.044,0,0,0,0,0,0,0,0
Spelthorne,South East,England,Borough,0.573,0.305,0.055,0.046,0.022,0,0,0,0,0,0,0,0,0.589,0.217,0.151,0,0.043,0,0,0,0,0,0,0,0
Stafford,West Midlands,England,County,0.547,0.399,0.03,0,0.024,0,0,0,0,0,0,0,0,0.586,0.305,0.062,0,0.046,0,0,0,0,0,0,0,0
Staffordshire Moorlands,West Midlands,England,County,0.581,0.339,0.033,0,0.012,0,0,0,0,0,0,0,0.034,0.646,0.269,0.057,0,0.028,0,0,0,0,0,0,0,0
St Albans,East,England,County,0.431,0.23,0.324,0,0.015,0,0,0,0,0,0,0,0,0.392,0.087,0.501,0,0.017,0,0,0,0,0,0,0,0.003
Stalybridge and Hyde,North West,England,County,0.381,0.572,0.023,0,0.023,0,0,0,0,0,0,0,0,0.38,0.449,0.043,0.085,0.033,0,0,0,0,0,0,0,0.01
St Austell and Newquay,South West,England,County,0.495,0.29,0.215,0,0,0,0,0,0,0,0,0,0,0.561,0.264,0.105,0,0.029,0,0,0,0,0,0,0,0.041
Stevenage,East,England,County,0.503,0.434,0.041,0,0.022,0,0,0,0,0,0,0,0,0.531,0.352,0.087,0,0.031,0,0,0,0,0,0,0,0
St Helens North,North West,England,Borough,0.271,0.637,0.026,0.042,0.024,0,0,0,0,0,0,0,0,0.266,0.523,0.056,0.113,0.041,0,0,0,0,0,0,0,0
St Helens South and Whiston,North West,England,Borough,0.218,0.678,0.04,0.037,0.027,0,0,0,0,0,0,0,0,0.205,0.585,0.057,0.106,0.045,0,0,0,0,0,0,0,0
Stirling,Scotland,Scotland,County,0.371,0.221,0.034,0,0,0.368,0,0,0,0,0,0,0.007,0.335,0.081,0.054,0,0.018,0.511,0,0,0,0,0,0,0
St Ives,South West,England,County,0.432,0.142,0.426,0,0,0,0,0,0,0,0,0,0,0.493,0.069,0.41,0,0.019,0,0,0,0,0,0,0,0.009
Stockport,North West,England,Borough,0.284,0.633,0.043,0.026,0.014,0,0,0,0,0,0,0,0,0.279,0.52,0.121,0.046,0.034,0,0,0,0,0,0,0,0
Stockton North,North East,England,Borough,0.365,0.569,0.015,0.043,0.008,0,0,0,0,0,0,0,0,0.406,0.431,0.04,0.095,0,0,0,0,0,0,0,0,0.029
Stockton South,North East,England,Borough,0.468,0.485,0.018,0.022,0.007,0,0,0,0,0,0,0,0,0.507,0.411,0.043,0.04,0,0,0,0,0,0,0,0,0
Stoke-On-Trent Central,West Midlands,England,Borough,0.398,0.515,0.021,0.049,0.011,0,0,0,0,0,0,0,0.006,0.454,0.433,0.035,0.053,0.026,0,0,0,0,0,0,0,0
Stoke-On-Trent North,West Midlands,England,Borough,0.453,0.509,0.022,0,0.016,0,0,0,0,0,0,0,0,0.523,0.366,0.032,0.059,0.013,0,0,0,0,0,0,0,0.008
Stoke-On-Trent South,West Midlands,England,Borough,0.491,0.475,0.019,0,0.015,0,0,0,0,0,0,0,0,0.622,0.337,0.041,0,0,0,0,0,0,0,0,0,0
Stone,West Midlands,England,County,0.632,0.282,0.044,0.027,0.014,0,0,0,0,0,0,0,0,0.636,0.236,0.089,0,0.04,0,0,0,0,0,0,0,0
Stourbridge,West Midlands,England,Borough,0.545,0.383,0.023,0.038,0.01,0,0,0,0,0,0,0,0,0.603,0.306,0.055,0,0.023,0,0,0,0,0,0,0,0.014
Strangford,Northern Ireland,Northern Ireland,County,0.013,0,0,0,0.016,0,0,0.62,0.028,0.062,0.114,0.147,0,0.039,0,0,0,0.021,0,0,0.472,0.015,0.053,0.107,0.284,0.008
Stratford-On-Avon,West Midlands,England,County,0.629,0.219,0.119,0,0.025,0,0,0,0,0,0,0,0.009,0.606,0.113,0.243,0,0.038,0,0,0,0,0,0,0,0
Streatham,London,England,Borough,0.214,0.685,0.065,0.006,0.03,0,0,0,0,0,0,0,0,0.16,0.548,0.235,0.011,0.045,0,0,0,0,0,0,0,0
Stretford and Urmston,North West,England,Borough,0.275,0.668,0.02,0.022,0.013,0,0,0,0,0,0,0,0.002,0.275,0.603,0.059,0.035,0.027,0,0,0,0,0,0,0,0
Stroud,South West,England,County,0.459,0.47,0.032,0.016,0.022,0,0,0,0,0,0,0,0,0.479,0.421,0,0.016,0.075,0,0,0,0,0,0,0,0.009
Suffolk Coastal,East,England,County,0.581,0.305,0.07,0,0.031,0,0,0,0,0,0,0,0.014,0.565,0.213,0.15,0,0.047,0,0,0,0,0,0,0,0.026
Sunderland Central,North East,England,Borough,0.334,0.555,0.039,0.049,0.016,0,0,0,0,0,0,0,0.007,0.354,0.422,0.07,0.116,0.028,0,0,0,0,0,0,0,0.011
Surrey Heath,South East,England,County,0.642,0.211,0.108,0,0.039,0,0,0,0,0,0,0,0,0.586,0.092,0.273,0,0.038,0,0,0,0,0,0,0,0.011
Sutton and Cheam,London,England,Borough,0.511,0.205,0.267,0,0.017,0,0,0,0,0,0,0,0,0.5,0.143,0.334,0,0.023,0,0,0,0,0,0,0,0
Sutton Coldfield,West Midlands,England,Borough,0.61,0.319,0.044,0,0.018,0,0,0,0,0,0,0,0.009,0.604,0.236,0.122,0,0.039,0,0,0,0,0,0,0,0
Swansea East,Wales,Wales,Borough,0.26,0.634,0.018,0.03,0.01,0,0.048,0,0,0,0,0,0,0.281,0.518,0.042,0.085,0.017,0,0.057,0,0,0,0,0,0
Swansea West,Wales,Wales,Borough,0.313,0.598,0.034,0,0.012,0,0.041,0,0,0,0,0,0.002,0.29,0.516,0.084,0.055,0,0,0.055,0,0,0,0,0,0
Tamworth,West Midlands,England,County,0.61,0.348,0.042,0,0,0,0,0,0,0,0,0,0,0.663,0.237,0.053,0,0.02,0,0,0,0,0,0,0,0.027
Tatton,North West,England,County,0.586,0.285,0.09,0,0.021,0,0,0,0,0,0,0,0.019,0.577,0.222,0.157,0,0.043,0,0,0,0,0,0,0,0
Taunton Deane,South West,England,County,0.529,0.154,0.277,0.023,0.018,0,0,0,0,0,0,0,0,0.536,0.074,0.352,0,0,0,0,0,0,0,0,0,0.038
Telford,West Midlands,England,Borough,0.487,0.471,0.021,0,0.02,0,0,0,0,0,0,0,0,0.597,0.341,0.062,0,0,0,0,0,0,0,0,0,0
Tewkesbury,South West,England,County,0.6,0.218,0.135,0.02,0.027,0,0,0,0,0,0,0,0,0.584,0.152,0.218,0,0.046,0,0,0,0,0,0,0,0
The Cotswolds,South West,England,County,0.606,0.179,0.163,0.02,0.029,0,0,0,0,0,0,0,0.002,0.58,0.116,0.25,0,0.054,0,0,0,0,0,0,0,0
The Wrekin,West Midlands,England,County,0.554,0.361,0.027,0.033,0.016,0,0,0,0,0,0,0,0.008,0.635,0.252,0.083,0,0.03,0,0,0,0,0,0,0,0
Thirsk and Malton,Yorkshire and The Humber,England,County,0.6,0.261,0.069,0.027,0.02,0,0,0,0,0,0,0,0.023,0.63,0.185,0.12,0,0.04,0,0,0,0,0,0,0,0.025
Thornbury and Yate,South West,England,County,0.553,0.121,0.314,0,0.012,0,0,0,0,0,0,0,0,0.578,0.081,0.341,0,0,0,0,0,0,0,0,0,0
Thurrock,East,England,Borough,0.395,0.388,0.016,0.201,0,0,0,0,0,0,0,0,0,0.586,0.344,0.032,0,0.017,0,0,0,0,0,0,0,0.022
Tiverton and Honiton,South West,England,County,0.614,0.271,0.08,0,0.035,0,0,0,0,0,0,0,0,0.602,0.195,0.148,0,0.038,0,0,0,0,0,0,0,0.016
Tonbridge and Malling,South East,England,County,0.636,0.223,0.067,0.033,0.041,0,0,0,0,0,0,0,0,0.628,0.145,0.155,0,0.072,0,0,0,0,0,0,0,0
Tooting,London,England,Borough,0.331,0.596,0.053,0.006,0.015,0,0,0,0,0,0,0,0,0.282,0.527,0.142,0.008,0.04,0,0,0,0,0,0,0,0.001
Torbay,South West,England,Borough,0.53,0.182,0.251,0.024,0.013,0,0,0,0,0,0,0,0,0.592,0.13,0.24,0,0.025,0,0,0,0,0,0,0,0.013
Torfaen,Wales,Wales,County,0.31,0.576,0.022,0.039,0,0,0.054,0,0,0,0,0,0,0.318,0.418,0.049,0.154,0.022,0,0.039,0,0,0,0,0,0
Torridge and West Devon,South West,England,County,0.565,0.217,0.177,0,0.027,0,0,0,0,0,0,0,0.013,0.601,0.172,0.183,0,0.035,0,0,0,0,0,0,0,0.009
Totnes,South West,England,County,0.537,0.268,0.129,0.025,0.042,0,0,0,0,0,0,0,0,0.532,0.17,0.288,0,0,0,0,0,0,0,0,0,0.01
Tottenham,London,England,Borough,0.115,0.816,0.034,0.009,0.026,0,0,0,0,0,0,0,0,0.116,0.76,0.068,0.011,0.04,0,0,0,0,0,0,0,0.005
Truro and Falmouth,South West,England,County,0.444,0.377,0.149,0.016,0.015,0,0,0,0,0,0,0,0,0.46,0.383,0.121,0,0.029,0,0,0,0,0,0,0,0.007
Tunbridge Wells,South East,England,County,0.569,0.265,0.099,0.027,0.027,0,0,0,0,0,0,0,0.013,0.551,0.148,0.283,0,0,0,0,0,0,0,0,0,0.018
Twickenham,London,England,Borough,0.38,0.092,0.528,0,0,0,0,0,0,0,0,0,0,0.342,0.085,0.561,0.013,0,0,0,0,0,0,0,0,0
Tynemouth,North East,England,Borough,0.365,0.57,0.03,0.022,0.011,0,0,0,0,0,0,0,0.002,0.394,0.481,0.068,0.035,0.023,0,0,0,0,0,0,0,0
Upper Bann,Northern Ireland,Northern Ireland,County,0,0,0,0,0,0,0,0.435,0.279,0.086,0.154,0.045,0,0,0,0,0,0,0,0,0.41,0.246,0.092,0.124,0.129,0
Uxbridge and South Ruislip,London,England,Borough,0.508,0.4,0.039,0.034,0.019,0,0,0,0,0,0,0,0,0.526,0.376,0.063,0,0.023,0,0,0,0,0,0,0,0.012
Vale Of Clwyd,Wales,Wales,County,0.441,0.502,0.017,0,0,0,0.04,0,0,0,0,0,0,0.464,0.415,0.04,0.04,0,0,0.042,0,0,0,0,0,0
Vale Of Glamorgan,Wales,Wales,County,0.475,0.434,0.019,0.016,0.008,0,0.043,0,0,0,0,0,0.006,0.498,0.433,0,0,0.059,0,0,0,0,0,0,0,0.009
Vauxhall,London,England,Borough,0.187,0.574,0.206,0,0.021,0,0,0,0,0,0,0,0.013,0.167,0.561,0.213,0.011,0.045,0,0,0,0,0,0,0,0.002
Wakefield,Yorkshire and The Humber,England,County,0.45,0.497,0.02,0,0,0,0,0,0,0,0,0,0.033,0.473,0.398,0.039,0.061,0,0,0,0,0,0,0,0,0.029
Wallasey,North West,England,Borough,0.232,0.715,0.016,0.024,0.013,0,0,0,0,0,0,0,0,0.249,0.643,0.04,0.044,0.024,0,0,0,0,0,0,0,0
Walsall North,West Midlands,England,Borough,0.496,0.428,0.015,0.06,0,0,0,0,0,0,0,0,0,0.638,0.311,0.034,0,0.017,0,0,0,0,0,0,0,0
Walsall South,West Midlands,England,Borough,0.372,0.574,0.013,0.041,0,0,0,0,0,0,0,0,0,0.41,0.491,0.038,0.039,0.015,0,0,0,0,0,0,0,0.007
Walthamstow,London,England,County,0.141,0.806,0.029,0,0.025,0,0,0,0,0,0,0,0,0.123,0.761,0.059,0.016,0.036,0,0,0,0,0,0,0,0.005
Wansbeck,North East,England,County,0.327,0.573,0.047,0.035,0.017,0,0,0,0,0,0,0,0,0.403,0.423,0.063,0.078,0.03,0,0,0,0,0,0,0,0.004
Wantage,South East,England,County,0.542,0.269,0.145,0.02,0.024,0,0,0,0,0,0,0,0,0.507,0.152,0.319,0,0,0,0,0,0,0,0,0,0.022
Warley,West Midlands,England,Borough,0.262,0.672,0.019,0.034,0.014,0,0,0,0,0,0,0,0,0.279,0.588,0.043,0.066,0.024,0,0,0,0,0,0,0,0
Warrington North,North West,England,Borough,0.366,0.564,0.025,0.032,0.013,0,0,0,0,0,0,0,0,0.409,0.442,0.066,0.056,0.027,0,0,0,0,0,0,0,0
Warrington South,North West,England,Borough,0.443,0.484,0.054,0,0,0,0,0,0,0,0,0,0.02,0.455,0.423,0.093,0.026,0,0,0,0,0,0,0,0,0.003
Warwick and Leamington,West Midlands,England,Borough,0.444,0.467,0.052,0.015,0.022,0,0,0,0,0,0,0,0,0.423,0.438,0.092,0.015,0.028,0,0,0,0,0,0,0,0.004
Washington and Sunderland West,North East,England,Borough,0.288,0.607,0.024,0.068,0.013,0,0,0,0,0,0,0,0,0.326,0.425,0.055,0.145,0.027,0,0,0,0,0,0,0,0.022
Watford,East,England,Borough,0.456,0.42,0.091,0.02,0.012,0,0,0,0,0,0,0,0,0.455,0.379,0.161,0,0,0,0,0,0,0,0,0,0.006
Waveney,East,England,County,0.544,0.369,0.019,0.037,0.025,0,0,0,0,0,0,0,0.006,0.622,0.269,0.051,0,0.053,0,0,0,0,0,0,0,0.005
Wealden,South East,England,County,0.612,0.222,0.104,0.03,0.032,0,0,0,0,0,0,0,0,0.608,0.154,0.187,0,0.051,0,0,0,0,0,0,0,0
Weaver Vale,North West,England,County,0.437,0.515,0.032,0,0.016,0,0,0,0,0,0,0,0,0.438,0.449,0.065,0.027,0.021,0,0,0,0,0,0,0,0
Wellingborough,East Midlands,England,County,0.574,0.34,0.033,0.034,0.018,0,0,0,0,0,0,0,0,0.622,0.265,0.079,0,0.035,0,0,0,0,0,0,0,0
Wells,South West,England,County,0.501,0.117,0.376,0,0,0,0,0,0,0,0,0,0.005,0.541,0.07,0.379,0,0,0,0,0,0,0,0,0,0.01
Welwyn Hatfield,East,England,County,0.51,0.368,0.074,0.028,0.016,0,0,0,0,0,0,0,0.003,0.526,0.316,0.127,0,0.031,0,0,0,0,0,0,0,0
Wentworth and Dearne,Yorkshire and The Humber,England,County,0.313,0.65,0.038,0,0,0,0,0,0,0,0,0,0,0.351,0.403,0.041,0.169,0,0,0,0,0,0,0,0,0.036
West Aberdeenshire and Kincardine,Scotland,Scotland,County,0.479,0.111,0.086,0,0,0.325,0,0,0,0,0,0,0,0.427,0.046,0.117,0,0,0.411,0,0,0,0,0,0,0
West Bromwich East,West Midlands,England,Borough,0.382,0.58,0.016,0,0.014,0,0,0,0,0,0,0,0.008,0.467,0.423,0.036,0.041,0.017,0,0,0,0,0,0,0,0.015
West Bromwich West,West Midlands,England,Borough,0.397,0.521,0.009,0.064,0.009,0,0,0,0,0,0,0,0,0.505,0.395,0.027,0.053,0.019,0,0,0,0,0,0,0,0
West Dorset,South West,England,County,0.555,0.183,0.235,0,0.027,0,0,0,0,0,0,0,0,0.551,0.094,0.32,0,0.035,0,0,0,0,0,0,0,0
West Dunbartonshire,Scotland,Scotland,County,0.172,0.377,0.023,0,0,0.429,0,0,0,0,0,0,0,0.143,0.285,0.042,0,0.019,0.496,0,0,0,0,0,0,0.016
West Ham,London,England,Borough,0.162,0.767,0.03,0.019,0.016,0,0,0,0,0,0,0,0.006,0.163,0.701,0.069,0.028,0.03,0,0,0,0,0,0,0,0.01
West Lancashire,North West,England,County,0.374,0.589,0.02,0,0.013,0,0,0,0,0,0,0,0.005,0.363,0.521,0.049,0.043,0.024,0,0,0,0,0,0,0,0
Westminster North,London,England,Borough,0.333,0.599,0.052,0,0.014,0,0,0,0,0,0,0,0.002,0.291,0.542,0.13,0.01,0.025,0,0,0,0,0,0,0,0.003
Westmorland and Lonsdale,North West,England,County,0.443,0.093,0.458,0,0,0,0,0,0,0,0,0,0.006,0.453,0.044,0.489,0.014,0,0,0,0,0,0,0,0,0
Weston-Super-Mare,South West,England,County,0.531,0.327,0.092,0.034,0.016,0,0,0,0,0,0,0,0,0.575,0.267,0.125,0,0.033,0,0,0,0,0,0,0,0
West Suffolk,East,England,County,0.612,0.282,0.042,0.046,0.018,0,0,0,0,0,0,0,0,0.658,0.207,0.091,0,0.044,0,0,0,0,0,0,0,0
West Tyrone,Northern Ireland,Northern Ireland,County,0,0,0,0,0.01,0,0,0.269,0.507,0.13,0.052,0.023,0.009,0,0,0,0,0.013,0,0,0.22,0.402,0.178,0.067,0.097,0.024
West Worcestershire,West Midlands,England,County,0.615,0.237,0.094,0.026,0.028,0,0,0,0,0,0,0,0,0.607,0.165,0.181,0,0.047,0,0,0,0,0,0,0,0
Wigan,North West,England,County,0.285,0.622,0.019,0.058,0.016,0,0,0,0,0,0,0,0,0.318,0.467,0.054,0.132,0.029,0,0,0,0,0,0,0,0
Wimbledon,London,England,Borough,0.465,0.356,0.145,0.011,0.024,0,0,0,0,0,0,0,0,0.384,0.237,0.372,0,0,0,0,0,0,0,0,0,0.007
Winchester,South East,England,County,0.52,0.105,0.345,0.012,0.015,0,0,0,0,0,0,0,0.003,0.483,0.046,0.466,0,0,0,0,0,0,0,0,0,0.005
Windsor,South East,England,County,0.644,0.229,0.101,0,0.027,0,0,0,0,0,0,0,0,0.586,0.152,0.213,0,0.033,0,0,0,0,0,0,0,0.016
Wirral South,North West,England,County,0.388,0.572,0.029,0,0.01,0,0,0,0,0,0,0,0,0.372,0.512,0.067,0.028,0.022,0,0,0,0,0,0,0,0
Wirral West,North West,England,County,0.421,0.543,0.026,0,0.01,0,0,0,0,0,0,0,0,0.412,0.482,0.063,0.02,0.022,0,0,0,0,0,0,0,0
Witham,East,England,County,0.643,0.264,0.055,0,0.037,0,0,0,0,0,0,0,0,0.666,0.178,0.093,0,0.063,0,0,0,0,0,0,0,0
Witney,South East,England,County,0.555,0.207,0.204,0.016,0.017,0,0,0,0,0,0,0,0,0.552,0.143,0.305,0,0,0,0,0,0,0,0,0,0
Woking,South East,England,County,0.541,0.239,0.176,0.021,0.02,0,0,0,0,0,0,0,0.004,0.489,0.164,0.308,0,0.028,0,0,0,0,0,0,0,0.011
Wokingham,South East,England,County,0.566,0.251,0.159,0,0.023,0,0,0,0,0,0,0,0,0.496,0.104,0.377,0,0.022,0,0,0,0,0,0,0,0.001
Wolverhampton North East,West Midlands,England,Borough,0.403,0.528,0.016,0.041,0.013,0,0,0,0,0,0,0,0,0.517,0.398,0.028,0.039,0.018,0,0,0,0,0,0,0,0
Wolverhampton South East,West Midlands,England,Borough,0.348,0.582,0.012,0.046,0.012,0,0,0,0,0,0,0,0,0.427,0.464,0.03,0.063,0.016,0,0,0,0,0,0,0,0
Wolverhampton South West,West Midlands,England,Borough,0.442,0.494,0.019,0.024,0.014,0,0,0,0,0,0,0,0.008,0.483,0.443,0.05,0.025,0,0,0,0,0,0,0,0,0
Worcester,West Midlands,England,Borough,0.481,0.432,0.034,0.026,0.024,0,0,0,0,0,0,0,0.003,0.508,0.375,0.072,0,0.033,0,0,0,0,0,0,0,0.011
Workington,North West,England,County,0.417,0.511,0.027,0.037,0,0,0,0,0,0,0,0,0.007,0.493,0.392,0.037,0.042,0.014,0,0,0,0,0,0,0,0.022
Worsley and Eccles South,North West,England,County,0.387,0.571,0.024,0,0.018,0,0,0,0,0,0,0,0,0.385,0.457,0.056,0.072,0.029,0,0,0,0,0,0,0,0
Worthing West,South East,England,Borough,0.554,0.332,0.055,0.03,0.03,0,0,0,0,0,0,0,0,0.558,0.286,0.11,0,0.037,0,0,0,0,0,0,0,0.009
Wrexham,Wales,Wales,County,0.437,0.489,0.025,0,0,0,0.05,0,0,0,0,0,0,0.453,0.39,0.043,0.036,0.013,0,0.064,0,0,0,0,0,0
Wycombe,South East,England,County,0.5,0.377,0.078,0.023,0.022,0,0,0,0,0,0,0,0,0.452,0.375,0.119,0,0.027,0,0,0,0,0,0,0,0.026
Wyre and Preston North,North West,England,County,0.583,0.35,0.048,0,0.018,0,0,0,0,0,0,0,0,0.597,0.28,0.084,0,0.033,0,0,0,0,0,0,0,0.006
Wyre Forest,West Midlands,England,County,0.584,0.323,0.038,0.035,0.02,0,0,0,0,0,0,0,0,0.652,0.228,0.081,0,0.039,0,0,0,0,0,0,0,0
Wythenshawe and Sale East,North West,England,Borough,0.296,0.622,0.033,0.032,0.013,0,0,0,0,0,0,0,0.004,0.301,0.533,0.07,0.061,0.035,0,0,0,0,0,0,0,0.001
Yeovil,South West,England,County,0.545,0.125,0.297,0,0.018,0,0,0,0,0,0,0,0.015,0.584,0.063,0.311,0,0.027,0,0,0,0,0,0,0,0.015
Ynys Mon,Wales,Wales,County,0.278,0.419,0.013,0.017,0,0,0.274,0,0,0,0,0,0,0.355,0.301,0,0.06,0,0,0.285,0,0,0,0,0,0
York Central,Yorkshire and The Humber,England,Borough,0.302,0.652,0.047,0,0,0,0,0,0,0,0,0,0,0.278,0.552,0.084,0.03,0.043,0,0,0,0,0,0,0,0.014
York Outer,Yorkshire and The Humber,England,County,0.511,0.367,0.103,0,0.019,0,0,0,0,0,0,0,0,0.494,0.313,0.181,0,0,0,0,0,0,0,0,0,0.013